"IELTS Coaching or Tuition Institutes in Asian Games Village Complex, Delhi",28.5480609,77.2123381,https://www.google.com/maps/place/Ace+With+Ielts/data=!4m7!3m6!1s0x390ce3cc77ebffff:0xb17dc5aa9b8f14ac!8m2!3d28.5513184!4d77.2441237!16s%2Fg%2F11s78cwqqt!19sChIJ___rd8zjDDkRrBSPm6rFfbE?authuser=0&hl=en&rclk=1,28.5513184,77.2441237,3.13,YES
"IELTS Coaching or Tuition Institutes in Asian Games Village Complex, Delhi",28.5480609,77.2123381,https://www.google.com/maps/place/PHOENIX+ACADEMIA/data=!4m7!3m6!1s0x390ce3277c834719:0xace8ce6309fb80c1!8m2!3d28.5418375!4d77.2036432!16s%2Fg%2F11fphhk5v5!19sChIJGUeDfCfjDDkRwYD7CWPO6Kw?authuser=0&hl=en&rclk=1,28.5418375,77.2036432,1.1,YES
"IELTS Coaching or Tuition Institutes in Asian Games Village Complex, Delhi",28.5480609,77.2123381,https://www.google.com/maps/place/American+Institute+of+English+Language+Pvt.+Ltd./data=!4m7!3m6!1s0x390ce25eaf9c7ddb:0x8adf033e690d6828!8m2!3d28.5700013!4d77.2198247!16s%2Fg%2F12h_csggs!19sChIJ232cr17iDDkRKGgNaT4D34o?authuser=0&hl=en&rclk=1,28.5700013,77.2198247,2.55,YES
"IELTS Coaching or Tuition Institutes in Asian Games Village Complex, Delhi",28.5480609,77.2123381,https://www.google.com/maps/place/Magoosh+-+GRE+%7C+GMAT+%7C+SAT+%7C+ACT+%7C+TOEFL+%7C+IELTS/data=!4m7!3m6!1s0x390d1d2831ca2d33:0xa0c28c53e1399aea!8m2!3d28.5383669!4d77.1981759!16s%2Fg%2F11nymg_zk9!19sChIJMy3KMSgdDTkR6po54VOMwqA?authuser=0&hl=en&rclk=1,28.5383669,77.1981759,1.75,YES
"IELTS Coaching or Tuition Institutes in Asian Games Village Complex, Delhi",28.5480609,77.2123381,https://www.google.com/maps/place/Wisdom+Mart/data=!4m7!3m6!1s0x390ce20d3cd08137:0xce11744db1716f77!8m2!3d28.5520017!4d77.2038874!16s%2Fg%2F1tcxy63r!19sChIJN4HQPA3iDDkRd29xsU10Ec4?authuser=0&hl=en&rclk=1,28.5520017,77.2038874,0.93,YES
"IELTS Coaching or Tuition Institutes in Asian Games Village Complex, Delhi",28.5480609,77.2123381,https://www.google.com/maps/place/Metier+Academy/data=!4m7!3m6!1s0x390d1f0126f50655:0xf8cfda6a112368b0!8m2!3d28.505792!4d77.1745949!16s%2Fg%2F11fkkzccyv!19sChIJVQb1JgEfDTkRsGgjEWraz_g?authuser=0&hl=en&rclk=1,28.505792,77.1745949,5.97,YES
"IELTS Coaching or Tuition Institutes in Asian Games Village Complex, Delhi",28.5480609,77.2123381,"https://www.google.com/maps/place/Jamboree+Education+:-+New+Friends+Colony+Center,+Delhi/data=!4m7!3m6!1s0x390ce34e43f02297:0x983278db8dbfb795!8m2!3d28.5716165!4d77.2664424!16s%2Fg%2F1vnrjd86!19sChIJlyLwQ07jDDkRlbe_jdt4Mpg?authuser=0&hl=en&rclk=1",28.5716165,77.2664424,5.9,YES
"IELTS Coaching or Tuition Institutes in Asian Games Village Complex, Delhi",28.5480609,77.2123381,https://www.google.com/maps/place/The+Study+Point/data=!4m7!3m6!1s0x390ce21c55dc01e7:0xfd60a16fb76010e2!8m2!3d28.5340079!4d77.2090613!16s%2Fg%2F11bxfq1x_z!19sChIJ5wHcVRziDDkR4hBgt2-hYP0?authuser=0&hl=en&rclk=1,28.5340079,77.2090613,1.6,YES
"IELTS Coaching or Tuition Institutes in Asian Games Village Complex, Delhi",28.5480609,77.2123381,https://www.google.com/maps/place/Fluentia+Academy/data=!4m7!3m6!1s0x390ce19555555555:0xe0b86179b43de662!8m2!3d28.5716473!4d77.2217831!16s%2Fg%2F11b6xd9l3m!19sChIJVVVVVZXhDDkRYuY9tHlhuOA?authuser=0&hl=en&rclk=1,28.5716473,77.2217831,2.78,YES
"IELTS Coaching or Tuition Institutes in Asian Games Village Complex, Delhi",28.5480609,77.2123381,https://www.google.com/maps/place/Study+Smart+-+Study+Abroad+Consultancy+%26+Classroom+IELTS+Coaching+in+Delhi/data=!4m7!3m6!1s0x390ce25da9f07291:0xd2983a4bc399f4b9!8m2!3d28.534164!4d77.242784!16s%2Fg%2F1ptz53z8t!19sChIJkXLwqV3iDDkRufSZw0s6mNI?authuser=0&hl=en&rclk=1,28.534164,77.242784,3.35,YES
"IELTS Coaching or Tuition Institutes in Asian Games Village Complex, Delhi",28.5480609,77.2123381,https://www.google.com/maps/place/IELTS+Coaching+in+MalviyaNagar/data=!4m7!3m6!1s0x390ce21956efccb7:0x5ad5ccce73bdf016!8m2!3d28.5319305!4d77.2081082!16s%2Fg%2F11gdgx6zk6!19sChIJt8zvVhniDDkRFvC9c87M1Vo?authuser=0&hl=en&rclk=1,28.5319305,77.2081082,1.84,YES
"IELTS Coaching or Tuition Institutes in Asian Games Village Complex, Delhi",28.5480609,77.2123381,https://www.google.com/maps/place/Achiever%27s+Point/data=!4m7!3m6!1s0x390d030d1e116a3f:0xfaaa47f3feb6de13!8m2!3d28.5509312!4d77.2048839!16s%2Fg%2F1tf6_9vn!19sChIJP2oRHg0DDTkRE962_vNHqvo?authuser=0&hl=en&rclk=1,28.5509312,77.2048839,0.79,YES
"IELTS Coaching or Tuition Institutes in Asian Games Village Complex, Delhi",28.5480609,77.2123381,https://www.google.com/maps/place/Skill+Sutra/data=!4m7!3m6!1s0x390ce3a5f5275e19:0x7dfff5991fc5f8ea!8m2!3d28.5356574!4d77.2075026!16s%2Fg%2F11mvvbbksq!19sChIJGV4n9aXjDDkR6vjFH5n1_30?authuser=0&hl=en&rclk=1,28.5356574,77.2075026,1.46,YES
"IELTS Coaching or Tuition Institutes in Asian Games Village Complex, Delhi",28.5480609,77.2123381,https://www.google.com/maps/place/Online+advanced+spoken+english/data=!4m7!3m6!1s0x390ce25928555537:0x9bce0680dbf22e8!8m2!3d28.5750419!4d77.223805!16s%2Fg%2F11byxg8h1r!19sChIJN1VVKFniDDkR6CK_DWjgvAk?authuser=0&hl=en&rclk=1,28.5750419,77.223805,3.2,YES
"IELTS Coaching or Tuition Institutes in Asian Games Village Complex, Delhi",28.5480609,77.2123381,https://www.google.com/maps/place/Multilingua+-+Best+English+Speaking+Institute+in+Delhi+%7C+IELTS+Coaching+in+Delhi+%7C+PTE+Coaching+in+Delhi/data=!4m7!3m6!1s0x390ce1fb182b1d79:0xd8e177a851414f6d!8m2!3d28.5203063!4d77.20239!16s%2Fg%2F11dxkx882j!19sChIJeR0rGPvhDDkRbU9BUah34dg?authuser=0&hl=en&rclk=1,28.5203063,77.20239,3.24,YES
"IELTS Coaching or Tuition Institutes in Asian Games Village Complex, Delhi",28.5480609,77.2123381,https://www.google.com/maps/place/GMATinsight+GMAT+%7C+GRE+%7C+SAT+%7C+IELTS+Best+Coaching+in+Malviya+Nagar+South+New+Delhi/data=!4m7!3m6!1s0x390ce21cdb87f0af:0xc01989226f75a657!8m2!3d28.5341117!4d77.2101416!16s%2Fg%2F11dxdcb3pv!19sChIJr_CH2xziDDkRV6Z1byKJGcA?authuser=0&hl=en&rclk=1,28.5341117,77.2101416,1.57,YES
"IELTS Coaching or Tuition Institutes in Asian Games Village Complex, Delhi",28.5480609,77.2123381,https://www.google.com/maps/place/Inka+Language+Park/data=!4m7!3m6!1s0x390d1d88da76920b:0xecad8965e6d2bb1!8m2!3d28.5571776!4d77.1724888!16s%2Fg%2F11tc7h1wbk!19sChIJC5J22ogdDTkRsSttXpbYyg4?authuser=0&hl=en&rclk=1,28.5571776,77.1724888,4.02,YES
"IELTS Coaching or Tuition Institutes in Asian Games Village Complex, Delhi",28.5480609,77.2123381,https://www.google.com/maps/place/inlingua+South+Extension/data=!4m7!3m6!1s0x390ce1f3003c5337:0x56f6a40813c2978b!8m2!3d28.568808!4d77.223536!16s%2Fg%2F1w110kt1!19sChIJN1M8APPhDDkRi5fCEwik9lY?authuser=0&hl=en&rclk=1,28.568808,77.223536,2.55,YES
"IELTS Coaching or Tuition Institutes in Asian Games Village Complex, Delhi",28.5480609,77.2123381,https://www.google.com/maps/place/EDUMATE+STUDY+GROUP+-+Tuitions+for+classes+1-12+%7C+CBSE+%7C+ICSE+%7C+All+subjects+%7C+English+%7C+IELTS%2FTOEFL+%7C+B.Com%2FCA%2FCS%2FCMA/data=!4m7!3m6!1s0x390ce390e49b8843:0x70ddd6a4b30b0c98!8m2!3d28.5588025!4d77.227707!16s%2Fg%2F11fhvqk35_!19sChIJQ4ib5JDjDDkRmAwLs6TW3XA?authuser=0&hl=en&rclk=1,28.5588025,77.227707,1.92,YES
"IELTS Coaching or Tuition Institutes in Asian Games Village Complex, Delhi",28.5480609,77.2123381,https://www.google.com/maps/place/LearnningTree/data=!4m7!3m6!1s0x390ce28d71e8e48b:0x8b81380010fe6526!8m2!3d28.5836117!4d77.2176058!16s%2Fg%2F11p0w8fq15!19sChIJi-TocY3iDDkRJmX-EAA4gYs?authuser=0&hl=en&rclk=1,28.5836117,77.2176058,3.99,YES
"IELTS Coaching or Tuition Institutes in Asian Games Village Complex, Delhi",28.5480609,77.2123381,https://www.google.com/maps/place/THE+INSTITUTE+OF+STANDARD+BRITISH+ENGLISH/data=!4m7!3m6!1s0x390d1d60fbd6af0b:0x4a74f27667b16ae!8m2!3d28.5559878!4d77.2413064!16s%2Fg%2F11qslx58y7!19sChIJC6_W-2AdDTkRrhZ7ZidPpwQ?authuser=0&hl=en&rclk=1,28.5559878,77.2413064,2.96,YES
"IELTS Coaching or Tuition Institutes in Asian Games Village Complex, Delhi",28.5480609,77.2123381,https://www.google.com/maps/place/Onwardo+IMS+Manya+The+Princeton+Review/data=!4m7!3m6!1s0x390ce173002f789b:0x1acc433094fd2530!8m2!3d28.5500421!4d77.2511543!16s%2Fg%2F1tk61h62!19sChIJm3gvAHPhDDkRMCX9lDBDzBo?authuser=0&hl=en&rclk=1,28.5500421,77.2511543,3.8,YES
"IELTS Coaching or Tuition Institutes in Asian Games Village Complex, Delhi",28.5480609,77.2123381,https://www.google.com/maps/place/Language+Connect/data=!4m7!3m6!1s0x390ce3cbcd4f4bfd:0x10cb63df2cfdec6c!8m2!3d28.5517175!4d77.2373917!16s%2Fg%2F11rzpvyssq!19sChIJ_UtPzcvjDDkRbOz9LN9jyxA?authuser=0&hl=en&rclk=1,28.5517175,77.2373917,2.48,YES
"IELTS Coaching or Tuition Institutes in Asian Games Village Complex, Delhi",28.5480609,77.2123381,https://www.google.com/maps/place/Official+IELTS+Test+Centre+Delhi+%28Nehru+Place%29+%7C+IELTS+IDP+India/data=!4m7!3m6!1s0x390ce377f131a9ef:0x4f9a7b8894771947!8m2!3d28.550713!4d77.2504217!16s%2Fg%2F11g4c7517z!19sChIJ76kx8XfjDDkRRxl3lIh7mk8?authuser=0&hl=en&rclk=1,28.550713,77.2504217,3.73,YES
"IELTS Coaching or Tuition Institutes in Asian Games Village Complex, Delhi",28.5480609,77.2123381,https://www.google.com/maps/place/ILSC+New+Delhi/data=!4m7!3m6!1s0x390ce21cda60f7c3:0x3357b0913de308dc!8m2!3d28.5736871!4d77.2283518!16s%2Fg%2F11gzzq6c8!19sChIJw_dg2hziDDkR3AjjPZGwVzM?authuser=0&hl=en&rclk=1,28.5736871,77.2283518,3.25,YES
"IELTS Coaching or Tuition Institutes in Asian Games Village Complex, Delhi",28.5480609,77.2123381,https://www.google.com/maps/place/Swiss+School+Of+Language/data=!4m7!3m6!1s0x390ce25ec0000001:0x380a94382ad808fd!8m2!3d28.5688417!4d77.2249307!16s%2Fg%2F1td5vjjs!19sChIJAQAAwF7iDDkR_QjYKjiUCjg?authuser=0&hl=en&rclk=1,28.5688417,77.2249307,2.62,YES
"IELTS Coaching or Tuition Institutes in Asian Games Village Complex, Delhi",28.5480609,77.2123381,https://www.google.com/maps/place/MJ+Academy/data=!4m7!3m6!1s0x390ce3b6e5218df9:0x837c759423c631f5!8m2!3d28.5424691!4d77.2035506!16s%2Fg%2F12qgxpbvf!19sChIJ-Y0h5bbjDDkR9THGI5R1fIM?authuser=0&hl=en&rclk=1,28.5424691,77.2035506,1.06,YES
"IELTS Coaching or Tuition Institutes in Asian Games Village Complex, Delhi",28.5480609,77.2123381,https://www.google.com/maps/place/Edwizard/data=!4m7!3m6!1s0x390ce2776861db25:0x7446fb60d5d767d5!8m2!3d28.5585219!4d77.2043582!16s%2Fg%2F11cmyl3dtr!19sChIJJdthaHfiDDkR1WfX1WD7RnQ?authuser=0&hl=en&rclk=1,28.5585219,77.2043582,1.4,YES
"IELTS Coaching or Tuition Institutes in Asian Games Village Complex, Delhi",28.5480609,77.2123381,https://www.google.com/maps/place/Edwise+International/data=!4m7!3m6!1s0x390d1d841aaaaaab:0xc15ca7fcaa3ec424!8m2!3d28.5688728!4d77.2233444!16s%2Fg%2F1v8ky_gf!19sChIJq6qqGoQdDTkRJMQ-qvynXME?authuser=0&hl=en&rclk=1,28.5688728,77.2233444,2.55,YES
"IELTS Coaching or Tuition Institutes in Asian Games Village Complex, Delhi",28.5480609,77.2123381,https://www.google.com/maps/place/Langma+School+of+Languages/data=!4m7!3m6!1s0x390ce25dba89c087:0x6b74c7356d18b11a!8m2!3d28.5700396!4d77.2209663!16s%2Fg%2F1jglvgls2!19sChIJh8CJul3iDDkRGrEYbTXHdGs?authuser=0&hl=en&rclk=1,28.5700396,77.2209663,2.59,YES
"IELTS Coaching or Tuition Institutes in Asian Games Village Complex, Delhi",28.5480609,77.2123381,https://www.google.com/maps/place/Linguistic+Academy/data=!4m7!3m6!1s0x390d1d9615d3c441:0x7cef5b06df43ed48!8m2!3d28.5571776!4d77.1724888!16s%2Fg%2F1ptxpqb2l!19sChIJQcTTFZYdDTkRSO1D3wZb73w?authuser=0&hl=en&rclk=1,28.5571776,77.1724888,4.02,YES
"IELTS Coaching or Tuition Institutes in Asian Games Village Complex, Delhi",28.5480609,77.2123381,https://www.google.com/maps/place/LETs+PADHAi/data=!4m7!3m6!1s0x390ce161c8a331c9:0x21630f23ae53c7fe!8m2!3d28.5344837!4d77.2599551!16s%2Fg%2F11cjj11dlk!19sChIJyTGjyGHhDDkR_sdTriMPYyE?authuser=0&hl=en&rclk=1,28.5344837,77.2599551,4.89,YES
"IELTS Coaching or Tuition Institutes in Asian Games Village Complex, Delhi",28.5480609,77.2123381,https://www.google.com/maps/place/IELTS+Coaching/data=!4m7!3m6!1s0x390ce3150ae52a5b:0xf21867b6d6b620de!8m2!3d28.5692956!4d77.2440347!16s%2Fg%2F11n0b98c1y!19sChIJWyrlChXjDDkR3iC21rZnGPI?authuser=0&hl=en&rclk=1,28.5692956,77.2440347,3.89,YES
"IELTS Coaching or Tuition Institutes in Asian Games Village Complex, Delhi",28.5480609,77.2123381,https://www.google.com/maps/place/Dawn+English+Academy/data=!4m7!3m6!1s0x390ce2532cfcde4b:0x678e15ae7b62ce03!8m2!3d28.5708199!4d77.2408441!16s%2Fg%2F11c3_5b5fw!19sChIJS978LFPiDDkRA85ie64Vjmc?authuser=0&hl=en&rclk=1,28.5708199,77.2408441,3.76,YES
"IELTS Coaching or Tuition Institutes in Asian Games Village Complex, Delhi",28.5480609,77.2123381,https://www.google.com/maps/place/moto+for+Languages/data=!4m7!3m6!1s0x390ce1fc9e3313e7:0xa2ba57091915f693!8m2!3d28.5139724!4d77.2333265!16s%2Fg%2F11ss53r3__!19sChIJ5xMznvzhDDkRk_YVGQlXuqI?authuser=0&hl=en&rclk=1,28.5139724,77.2333265,4.31,YES
"IELTS Coaching or Tuition Institutes in Asian Games Village Complex, Delhi",28.5480609,77.2123381,https://www.google.com/maps/place/British+Academy+School+of+English+Language/data=!4m7!3m6!1s0x390ce3de15001efb:0x43229935afb30612!8m2!3d28.5401247!4d77.2619842!16s%2Fg%2F1pp2ts40p!19sChIJ-x4AFd7jDDkREgazrzWZIkM?authuser=0&hl=en&rclk=1,28.5401247,77.2619842,4.93,YES
"IELTS Coaching or Tuition Institutes in Asian Games Village Complex, Delhi",28.5480609,77.2123381,https://www.google.com/maps/place/Spoken+English+Classes/data=!4m7!3m6!1s0x390ce1ee00d68361:0x5170f31547d61f60!8m2!3d28.5204928!4d77.2016908!16s%2Fg%2F11h7xt12wk!19sChIJYYPWAO7hDDkRYB_WRxXzcFE?authuser=0&hl=en&rclk=1,28.5204928,77.2016908,3.24,YES
"IELTS Coaching or Tuition Institutes in Asian Games Village Complex, Delhi",28.5480609,77.2123381,"https://www.google.com/maps/place/American+Institute+Of+English+Language+-spoken+English+language,+PTE+,IELTS/data=!4m7!3m6!1s0x390ce15ffb722ff9:0xe585c71826148f5f!8m2!3d28.5348322!4d77.2599454!16s%2Fg%2F11b8v9vy6x!19sChIJ-S9y-1_hDDkRX48UJhjHheU?authuser=0&hl=en&rclk=1",28.5348322,77.2599454,4.88,YES
"IELTS Coaching or Tuition Institutes in Asian Games Village Complex, Delhi",28.5480609,77.2123381,https://www.google.com/maps/place/EnglishAhead+Education+%26+Training/data=!4m7!3m6!1s0x390d1946a3707e19:0xccbc6452a2dca0bc!8m2!3d28.519507!4d77.2066884!16s%2Fg%2F11hbc474cy!19sChIJGX5wo0YZDTkRvKDcolJkvMw?authuser=0&hl=en&rclk=1,28.519507,77.2066884,3.22,YES
"IELTS Coaching or Tuition Institutes in Asian Games Village Complex, Delhi",28.5480609,77.2123381,https://www.google.com/maps/place/Multibhasa+language+learning+classes+Japanese+German+French+spanish+Chinese+Korean/data=!4m7!3m6!1s0x39f11731d5eddbed:0x28fd975f826a8838!8m2!3d28.5733329!4d77.2192065!16s%2Fg%2F11rv2wv4rm!19sChIJ7dvt1TEX8TkROIhqgl-X_Sg?authuser=0&hl=en&rclk=1,28.5733329,77.2192065,2.89,YES
"IELTS Coaching or Tuition Institutes in Asian Games Village Complex, Delhi",28.5480609,77.2123381,"https://www.google.com/maps/place/MOTION+COACHING+CENTER+:+CUET,+NDA,+Delhi+Police+Constable%2FSI,+CTET,+SSC,+Bank/data=!4m7!3m6!1s0x390d1e251eb1d43b:0x6c425b877eb9c2c3!8m2!3d28.501076!4d77.1836971!16s%2Fg%2F11f08wt2r2!19sChIJO9SxHiUeDTkRw8K5fodbQmw?authuser=0&hl=en&rclk=1",28.501076,77.1836971,5.93,YES
"IELTS Coaching or Tuition Institutes in Asian Games Village Complex, Delhi",28.5480609,77.2123381,https://www.google.com/maps/place/IDP+Education+-+Study+Abroad+Consultants+in+South+Delhi+%28Nehru+Place%29/data=!4m7!3m6!1s0x390ce3cf3c20f293:0xa34e41630249e270!8m2!3d28.5506763!4d77.2501602!16s%2Fg%2F11b7hgs0r3!19sChIJk_IgPM_jDDkRcOJJAmNBTqM?authuser=0&hl=en&rclk=1,28.5506763,77.2501602,3.71,YES
"IELTS Coaching or Tuition Institutes in Asian Games Village Complex, Delhi",28.5480609,77.2123381,"https://www.google.com/maps/place/O3+Online+Spoken+English+Classes-+English+Speaking+Course+Online+in+Delhi,+Online+Spoken+English+classes/data=!4m7!3m6!1s0x390d1f6093e18cf7:0x627646a23199d19e!8m2!3d28.4919897!4d77.1820733!16s%2Fg%2F11j4n8ztjc!19sChIJ94zhk2AfDTkRntGZMaJGdmI?authuser=0&hl=en&rclk=1",28.4919897,77.1820733,6.9,YES
"IELTS Coaching or Tuition Institutes in Asian Games Village Complex, Delhi",28.5480609,77.2123381,https://www.google.com/maps/place/IOA+Global/data=!4m7!3m6!1s0x390ce3b18992364d:0xbee72bde1c86ede8!8m2!3d28.5786223!4d77.2449337!16s%2Fg%2F1hjh0353k!19sChIJTTaSibHjDDkR6O2GHN4r574?authuser=0&hl=en&rclk=1,28.5786223,77.2449337,4.66,YES
"IELTS Coaching or Tuition Institutes in Asian Games Village Complex, Delhi",28.5480609,77.2123381,https://www.google.com/maps/place/Max+Mueller+Institute/data=!4m7!3m6!1s0x390ce3adbfd78d2f:0xf776d7790bd8d3e2!8m2!3d28.5510253!4d77.2049331!16s%2Fg%2F11gk8wp9cn!19sChIJL43Xv63jDDkR4tPYC3nXdvc?authuser=0&hl=en&rclk=1,28.5510253,77.2049331,0.79,YES
"IELTS Coaching or Tuition Institutes in Asian Games Village Complex, Delhi",28.5480609,77.2123381,https://www.google.com/maps/place/Plangamy+Education:+Foreign+Language+Classes/data=!4m7!3m6!1s0x390cfb815ea48413:0xc40142bd4b4ac933!8m2!3d28.571168!4d77.2373267!16s%2Fg%2F11h2ppljgs!19sChIJE4SkXoH7DDkRM8lKS71CAcQ?authuser=0&hl=en&rclk=1,28.571168,77.2373267,3.54,YES
"IELTS Coaching or Tuition Institutes in Asian Games Village Complex, Delhi",28.5480609,77.2123381,https://www.google.com/maps/place/EDUGENIUS+ACADEMY/data=!4m7!3m6!1s0x390d1dd810a55bf7:0xd2a89f300c43175d!8m2!3d28.556302!4d77.174803!16s%2Fg%2F11h0zmqkdm!19sChIJ91ulENgdDTkRXRdDDDCfqNI?authuser=0&hl=en&rclk=1,28.556302,77.174803,3.78,YES
"IELTS Coaching or Tuition Institutes in Asian Games Village Complex, Delhi",28.5480609,77.2123381,https://www.google.com/maps/place/Vishvas+School+of+Languages/data=!4m7!3m6!1s0x390ce25373e491d5:0xd40f998117f5b9de!8m2!3d28.572633!4d77.238077!16s%2Fg%2F11cnn53924!19sChIJ1ZHkc1PiDDkR3rn1F4GZD9Q?authuser=0&hl=en&rclk=1,28.572633,77.238077,3.71,YES
"IELTS Coaching or Tuition Institutes in Asian Games Village Complex, Delhi",28.5480609,77.2123381,https://www.google.com/maps/place/Global+Opportunities/data=!4m7!3m6!1s0x390ce334985ed1f5:0xeca91fa4a1b7c71!8m2!3d28.553669!4d77.2408477!16s%2Fg%2F11rg_l9qdp!19sChIJ9dFemDTjDDkRcXwbSvqRyg4?authuser=0&hl=en&rclk=1,28.553669,77.2408477,2.85,YES
"IELTS Coaching or Tuition Institutes in Asian Games Village Complex, Delhi",28.5480609,77.2123381,https://www.google.com/maps/place/Learn+FLE/data=!4m7!3m6!1s0x390ce3e055b7731d:0xdc5f7d6519055928!8m2!3d28.5601323!4d77.197711!16s%2Fg%2F11gr62phdd!19sChIJHXO3VeDjDDkRKFkFGWV9X9w?authuser=0&hl=en&rclk=1,28.5601323,77.197711,1.96,YES
"IELTS Coaching or Tuition Institutes in Asian Games Village Complex, Delhi",28.5480609,77.2123381,https://www.google.com/maps/place/Fluent+Fast+Academy+%E2%80%93+Foreign+Language+Courses+Online+%26+Offline/data=!4m7!3m6!1s0x390ce570ace5d367:0xf86ae1d4b6f2b2a4!8m2!3d28.558699!4d77.2051484!16s%2Fg%2F11hvgbyryr!19sChIJZ9PlrHDlDDkRpLLyttThavg?authuser=0&hl=en&rclk=1,28.558699,77.2051484,1.38,YES
"IELTS Coaching or Tuition Institutes in Asian Games Village Complex, Delhi",28.5480609,77.2123381,https://www.google.com/maps/place/Mentored+Counselling+Pvt.+Ltd./data=!4m7!3m6!1s0x390ce25cfa51c5eb:0xcc3c47a9f6219f9d!8m2!3d28.5685761!4d77.2247976!16s%2Fg%2F11lrp41tvy!19sChIJ68VR-lziDDkRnZ8h9qlHPMw?authuser=0&hl=en&rclk=1,28.5685761,77.2247976,2.59,YES
"IELTS Coaching or Tuition Institutes in Asian Games Village Complex, Delhi",28.5480609,77.2123381,https://www.google.com/maps/place/Visas+Centric/data=!4m7!3m6!1s0x390ce1507baa9ef1:0xb8972738e4c93f4a!8m2!3d28.5278351!4d77.2201834!16s%2Fg%2F11shcsrlc4!19sChIJ8Z6qe1DhDDkRSj_J5Dgnl7g?authuser=0&hl=en&rclk=1,28.5278351,77.2201834,2.38,YES
"IELTS Coaching or Tuition Institutes in Asian Games Village Complex, Delhi",28.5480609,77.2123381,https://www.google.com/maps/place/Megamind+Consultants/data=!4m7!3m6!1s0x390ce2444037ac53:0x61a8b9ca06ee1e2d!8m2!3d28.5654216!4d77.2389289!16s%2Fg%2F1tfc0dbb!19sChIJU6w3QETiDDkRLR7uBsq5qGE?authuser=0&hl=en&rclk=1,28.5654216,77.2389289,3.24,YES
"IELTS Coaching or Tuition Institutes in Asian Games Village Complex, Delhi",28.5480609,77.2123381,"https://www.google.com/maps/place/Western+Overseas+Delhi+%7C+Study+Visa,+PR,+Tourist+Visa,+Work+Visa,+IELTS,+PTE,+TOEFL,+German,+French/data=!4m7!3m6!1s0x390ce3a50a65b4a1:0x60e070be45b9c4e0!8m2!3d28.5508427!4d77.2503073!16s%2Fg%2F11kqvrdl92!19sChIJobRlCqXjDDkR4MS5Rb5w4GA?authuser=0&hl=en&rclk=1",28.5508427,77.2503073,3.72,YES
"IELTS Coaching or Tuition Institutes in Asian Games Village Complex, Delhi",28.5480609,77.2123381,https://www.google.com/maps/place/NIPSTec/data=!4m7!3m6!1s0x390ce21c3f306537:0xab73252618bf2aa0!8m2!3d28.5349118!4d77.2104615!16s%2Fg%2F1hc1sp7vd!19sChIJN2UwPxziDDkRoCq_GCYlc6s?authuser=0&hl=en&rclk=1,28.5349118,77.2104615,1.47,YES
"IELTS Coaching or Tuition Institutes in Asian Games Village Complex, Delhi",28.5480609,77.2123381,https://www.google.com/maps/place/AEC+Overseas/data=!4m7!3m6!1s0x390ce3cfe9150485:0x282b89db7c3f9751!8m2!3d28.5487345!4d77.250511!16s%2Fg%2F1tfhxzl0!19sChIJhQQV6c_jDDkRUZc_fNuJKyg?authuser=0&hl=en&rclk=1,28.5487345,77.250511,3.73,YES
"IELTS Coaching or Tuition Institutes in Asian Games Village Complex, Delhi",28.5480609,77.2123381,https://www.google.com/maps/place/YES+Italy+%7C+Study+Abroad+Consultants/data=!4m7!3m6!1s0xe79d453c353fa91:0xd696c5eb31d8c331!8m2!3d28.548777!4d77.253317!16s%2Fg%2F11vxbvcs1g!19sChIJkfpTw1PUeQ4RMcPYMevFltY?authuser=0&hl=en&rclk=1,28.548777,77.253317,4.0,YES
"IELTS Coaching or Tuition Institutes in Asian Games Village Complex, Delhi",28.5480609,77.2123381,https://www.google.com/maps/place/Mentr-Me/data=!4m7!3m6!1s0x390ce31e7a34fd97:0x951fc1f5dc91e2a6!8m2!3d28.5447455!4d77.2125389!16s%2Fg%2F11rcfjv11k!19sChIJl_00eh7jDDkRpuKR3PXBH5U?authuser=0&hl=en&rclk=1,28.5447455,77.2125389,0.37,YES
"IELTS Coaching or Tuition Institutes in Asian Games Village Complex, Delhi",28.5480609,77.2123381,https://www.google.com/maps/place/The+Shrine+of+English+%7C+the+best+place+to+learn+english+%7C+Madangir+Branch+%7C/data=!4m7!3m6!1s0x390ce1e31b87c565:0xd54329fc5ea181ce!8m2!3d28.5232721!4d77.2302132!16s%2Fg%2F11rxp1f2_0!19sChIJZcWHG-PhDDkRzoGhXvwpQ9U?authuser=0&hl=en&rclk=1,28.5232721,77.2302132,3.26,YES
"IELTS Coaching or Tuition Institutes in Asian Games Village Complex, Delhi",28.5480609,77.2123381,https://www.google.com/maps/place/Career+Platform+-+Medical-%28NEET-UG%29+%7C+IIT-JEE+%28Main+%2BAdv.%29+%7C+XI+%26+XII+%7C+CUET-UG+%7C+Foundation+Class+%28VI+to+X%29+%7C+Olympiad/data=!4m7!3m6!1s0x390d1fadd0ab18e9:0x5d91dd3c561b26c0!8m2!3d28.5013663!4d77.1855728!16s%2Fg%2F11jgn521kn!19sChIJ6Rir0K0fDTkRwCYbVjzdkV0?authuser=0&hl=en&rclk=1,28.5013663,77.1855728,5.81,YES
"IELTS Coaching or Tuition Institutes in Asian Games Village Complex, Delhi",28.5480609,77.2123381,https://www.google.com/maps/place/CareerCarta/data=!4m7!3m6!1s0x390ce31bfcd32e79:0x28dc4e712c8127b8!8m2!3d28.5416786!4d77.203026!16s%2Fg%2F11h1m4zrfh!19sChIJeS7T_BvjDDkRuCeBLHFO3Cg?authuser=0&hl=en&rclk=1,28.5416786,77.203026,1.15,YES
"IELTS Coaching or Tuition Institutes in Asian Games Village Complex, Delhi",28.5480609,77.2123381,https://www.google.com/maps/place/Oxford+Software+Institute+South+Extention/data=!4m7!3m6!1s0x390ce25d0ac35f11:0x3125b97033cf142f!8m2!3d28.5706783!4d77.219955!16s%2Fg%2F1th0wr3f!19sChIJEV_DCl3iDDkRLxTPM3C5JTE?authuser=0&hl=en&rclk=1,28.5706783,77.219955,2.62,YES
"IELTS Coaching or Tuition Institutes in Asian Games Village Complex, Delhi",28.5480609,77.2123381,https://www.google.com/maps/place/STM+%7C+SCHOLASTIC+TEST+MASTERS+%7C+Best+GRE+GMAT+SAT+IELTS+PTE+TOEFL+Institute/data=!4m7!3m6!1s0x390ce29baaaaaaab:0x9d55898b4328f0ca!8m2!3d28.5698801!4d77.220927!16s%2Fg%2F1jkyfgw71!19sChIJq6qqqpviDDkRyvAoQ4uJVZ0?authuser=0&hl=en&rclk=1,28.5698801,77.220927,2.57,YES
"IELTS Coaching or Tuition Institutes in Asian Games Village Complex, Delhi",28.5480609,77.2123381,https://www.google.com/maps/place/Canam+Consultants/data=!4m7!3m6!1s0x390cfd32312def79:0x1fcb0fd3e8e5141d!8m2!3d28.5752873!4d77.2296522!16s%2Fg%2F1vhlwkfl!19sChIJee8tMTL9DDkRHRTl6NMPyx8?authuser=0&hl=en&rclk=1,28.5752873,77.2296522,3.47,YES
"IELTS Coaching or Tuition Institutes in Asian Games Village Complex, Delhi",28.5480609,77.2123381,https://www.google.com/maps/place/ISL+Competitive+Coaching+Centre/data=!4m7!3m6!1s0x390ce3f390a92bdd:0x88fb2cbbe185b633!8m2!3d28.5718715!4d77.2433884!16s%2Fg%2F11h_wn211k!19sChIJ3SupkPPjDDkRM7aF4bss-4g?authuser=0&hl=en&rclk=1,28.5718715,77.2433884,4.03,YES
"IELTS Coaching or Tuition Institutes in Asian Games Village Complex, Delhi",28.5480609,77.2123381,https://www.google.com/maps/place/International+Placewell+Consultants+Pvt.+Ltd.+%28IPC%29/data=!4m7!3m6!1s0x390d1d841aaaaaab:0x4af46a680dc41fc3!8m2!3d28.5692448!4d77.1872381!16s%2Fg%2F1whdgr0x!19sChIJq6qqGoQdDTkRwx_EDWhq9Eo?authuser=0&hl=en&rclk=1,28.5692448,77.1872381,3.4,YES
"IELTS Coaching or Tuition Institutes in Asian Games Village Complex, Delhi",28.5480609,77.2123381,"https://www.google.com/maps/place/BHARGAV+TUTORIALS%28Premier+Coaching+Institute+for+CBSE,JEE,NEET+%26CUET%29%7CCBSE%286th-12th%29+Best+Tuition+Classes/data=!4m7!3m6!1s0x390d1e0f2095d5af:0x8feb9c5874ee4b54!8m2!3d28.5227734!4d77.179955!16s%2Fg%2F1ptynp75x!19sChIJr9WVIA8eDTkRVEvudFic648?authuser=0&hl=en&rclk=1",28.5227734,77.179955,4.23,YES
"IELTS Coaching or Tuition Institutes in Asian Games Village Complex, Delhi",28.5480609,77.2123381,https://www.google.com/maps/place/Jitin+Chawla%27s+Centre+for+Career+Development/data=!4m7!3m6!1s0x390cfd68154ebceb:0x8aaec4e3acecaa43!8m2!3d28.569636!4d77.217697!16s%2Fg%2F1tmxpd4_!19sChIJ67xOFWj9DDkRQ6rsrOPEroo?authuser=0&hl=en&rclk=1,28.569636,77.217697,2.46,YES
"IELTS Coaching or Tuition Institutes in Asian Games Village Complex, Delhi",28.5480609,77.2123381,https://www.google.com/maps/place/Maa+Shanti+Skills+Pvt.+Ltd/data=!4m7!3m6!1s0x390ce31e3db37a85:0xb0eaccb1a2820adf!8m2!3d28.531998!4d77.2650513!16s%2Fg%2F11qpwmhmcv!19sChIJhXqzPR7jDDkR3wqCorHM6rA?authuser=0&hl=en&rclk=1,28.531998,77.2650513,5.45,YES
"IELTS Coaching or Tuition Institutes in Asian Games Village Complex, Delhi",28.5480609,77.2123381,https://www.google.com/maps/place/Solutions+Academy/data=!4m7!3m6!1s0x390ce3a7e2e37c4d:0x5f02bee8738c497d!8m2!3d28.5838266!4d77.2495475!16s%2Fg%2F1tfpn20f!19sChIJTXzj4qfjDDkRfUmMc-i-Al8?authuser=0&hl=en&rclk=1,28.5838266,77.2495475,5.39,YES
"IELTS Coaching or Tuition Institutes in Asian Games Village Complex, Delhi",28.5480609,77.2123381,https://www.google.com/maps/place/Care+World+Immigration/data=!4m7!3m6!1s0x390ce160745f855d:0x5620a953f93615fb!8m2!3d28.560462!4d77.2796634!16s%2Fg%2F11pv2bgm_7!19sChIJXYVfdGDhDDkR-xU2-VOpIFY?authuser=0&hl=en&rclk=1,28.560462,77.2796634,6.72,YES
"IELTS Coaching or Tuition Institutes in Asian Games Village Complex, Delhi",28.5480609,77.2123381,https://www.google.com/maps/place/Mapmystudy/data=!4m7!3m6!1s0x390d1d9667209773:0x28dc24963ed103fe!8m2!3d28.535344!4d77.1523674!16s%2Fg%2F11b5vx9gjv!19sChIJc5cgZ5YdDTkR_gPRPpYk3Cg?authuser=0&hl=en&rclk=1,28.535344,77.1523674,6.03,YES
"IELTS Coaching or Tuition Institutes in Asian Games Village Complex, Delhi",28.5480609,77.2123381,https://www.google.com/maps/place/Mac+Academic+Centre/data=!4m7!3m6!1s0x390ce37cec66ecd5:0x48ffaeb3b988fab1!8m2!3d28.5451441!4d77.2538341!16s%2Fg%2F11t749xxdw!19sChIJ1exm7HzjDDkRsfqIubOu_0g?authuser=0&hl=en&rclk=1,28.5451441,77.2538341,4.07,YES
"IELTS Coaching or Tuition Institutes in Asian Games Village Complex, Delhi",28.5480609,77.2123381,"https://www.google.com/maps/place/Global+Tree+Abroad+Educational+Services%7C+Canada+Immigration+Services+%7C+GRE,+GMAT,+IELTS+Coaching/data=!4m7!3m6!1s0x390ce252eec705af:0x5cc3fdb6afb57599!8m2!3d28.550481!4d77.2502096!16s%2Fg%2F11g6xrd8b6!19sChIJrwXH7lLiDDkRmXW1r7b9w1w?authuser=0&hl=en&rclk=1",28.550481,77.2502096,3.71,YES
"IELTS Coaching or Tuition Institutes in Asian Games Village Complex, Delhi",28.5480609,77.2123381,https://www.google.com/maps/place/BNPS+International+%E2%80%94+Study+Abroad+Consultancy/data=!4m7!3m6!1s0x390ce35ef9a51127:0xe7114833c32a8895!8m2!3d28.550854!4d77.250206!16s%2Fg%2F11rw9w2h1d!19sChIJJxGl-V7jDDkRlYgqwzNIEec?authuser=0&hl=en&rclk=1,28.550854,77.250206,3.71,YES
"IELTS Coaching or Tuition Institutes in Asian Games Village Complex, Delhi",28.5480609,77.2123381,https://www.google.com/maps/place/Santure.ai+%7C+Best+Study+Abroad+Consultant+%7C+Powered+by+EduEnroute+Overseas+Pvt+Ltd/data=!4m7!3m6!1s0x390ce32e722f68bb:0x9a19883e3ac6b73e!8m2!3d28.5498792!4d77.2502857!16s%2Fg%2F11h1knc1zp!19sChIJu2gvci7jDDkRPrfGOj6IGZo?authuser=0&hl=en&rclk=1,28.5498792,77.2502857,3.71,YES
"IELTS Coaching or Tuition Institutes in Asian Games Village Complex, Delhi",28.5480609,77.2123381,https://www.google.com/maps/place/Wizardz+Overseas+%7C+Best+Study+Abroad+Consultancy+in+New+Delhi+%7C+Premium+Universities/data=!4m7!3m6!1s0x390d1d11e7dfd111:0x8271055cc77e85da!8m2!3d28.5713445!4d77.2142149!16s%2Fg%2F11pvcswjq5!19sChIJEdHf5xEdDTkR2oV-x1wFcYI?authuser=0&hl=en&rclk=1,28.5713445,77.2142149,2.6,YES
"IELTS Coaching or Tuition Institutes in Asian Games Village Complex, Delhi",28.5480609,77.2123381,https://www.google.com/maps/place/EdNet+Consultants+Pvt+Ltd+-+Best+Overseas+Study+Abroad+Education+Consultants+in+Delhi/data=!4m7!3m6!1s0x390ce390be0de4af:0xbd47b8e39099c055!8m2!3d28.5517277!4d77.2679676!16s%2Fg%2F11cmg4rdc_!19sChIJr-QNvpDjDDkRVcCZkOO4R70?authuser=0&hl=en&rclk=1,28.5517277,77.2679676,5.45,YES
"IELTS Coaching or Tuition Institutes in Asian Games Village Complex, Delhi",28.5480609,77.2123381,https://www.google.com/maps/place/Collegedunia+-+Study+Abroad/data=!4m7!3m6!1s0x390ce370979e5b17:0xb14e4109da4fbf22!8m2!3d28.5507217!4d77.2504449!16s%2Fg%2F11xgjvbr3d!19sChIJF1uel3DjDDkRIr9P2glBTrE?authuser=0&hl=en&rclk=1,28.5507217,77.2504449,3.73,YES
"IELTS Coaching or Tuition Institutes in Asian Games Village Complex, Delhi",28.5480609,77.2123381,https://www.google.com/maps/place/Creative+Zone+by+Deepti+Goel/data=!4m7!3m6!1s0x390ce301d8378b7b:0x330277f440475e47!8m2!3d28.5833625!4d77.2406836!16s%2Fg%2F11f1042yvt!19sChIJe4s32AHjDDkRR15HQPR3AjM?authuser=0&hl=en&rclk=1,28.5833625,77.2406836,4.8,YES
"IELTS Coaching or Tuition Institutes in Asian Games Village Complex, Delhi",28.5480609,77.2123381,https://www.google.com/maps/place/Envision+Overseas+Education+Consultants+-+Delhi/data=!4m7!3m6!1s0x390ce347444e2353:0xd5b32c95511613b7!8m2!3d28.5504719!4d77.2500395!16s%2Fg%2F11rtlzjpjr!19sChIJUyNOREfjDDkRtxMWUZUss9U?authuser=0&hl=en&rclk=1,28.5504719,77.2500395,3.69,YES
"IELTS Coaching or Tuition Institutes in Asian Games Village Complex, Delhi",28.5480609,77.2123381,https://www.google.com/maps/place/Pesofts+-+Online+Exam+Software+Provider/data=!4m7!3m6!1s0x390d1df0eac3368b:0xd967d81075af46a0!8m2!3d28.5424705!4d77.1863882!16s%2Fg%2F11f37mnh0x!19sChIJizbD6vAdDTkRoEavdRDYZ9k?authuser=0&hl=en&rclk=1,28.5424705,77.1863882,2.61,YES
"IELTS Coaching or Tuition Institutes in Asian Games Village Complex, Delhi",28.5480609,77.2123381,https://www.google.com/maps/place/Universal+Adviser+Immigration+Services/data=!4m7!3m6!1s0x390ce33289f8fc77:0x6ce3e838da296828!8m2!3d28.5487418!4d77.2505069!16s%2Fg%2F11fhh4_l0d!19sChIJd_z4iTLjDDkRKGgp2jjo42w?authuser=0&hl=en&rclk=1,28.5487418,77.2505069,3.73,YES
"IELTS Coaching or Tuition Institutes in Asian Games Village Complex, Delhi",28.5480609,77.2123381,https://www.google.com/maps/place/Studynama+-+The+Mega+Online+Education+Hub/data=!4m7!3m6!1s0x390ce3cf0e1edf83:0x29d65a5796e39ba1!8m2!3d28.5497471!4d77.2501357!16s%2Fg%2F11gh385sdk!19sChIJg98eDs_jDDkRoZvjllda1ik?authuser=0&hl=en&rclk=1,28.5497471,77.2501357,3.7,YES
"IELTS Coaching or Tuition Institutes in Asian Games Village Complex, Delhi",28.5480609,77.2123381,https://www.google.com/maps/place/iDreamCareer/data=!4m7!3m6!1s0x390ce25d2fda2ec9:0x603cb53f65b214be!8m2!3d28.5293586!4d77.1490504!16s%2Fg%2F11btx11r6c!19sChIJyS7aL13iDDkRvhSyZT-1PGA?authuser=0&hl=en&rclk=1,28.5293586,77.1490504,6.52,YES
"IELTS Coaching or Tuition Institutes in Asian Games Village Complex, Delhi",28.5480609,77.2123381,https://www.google.com/maps/place/YES+Germany+Delhi+-+Study+In+Germany+Consultant+%7C+Study+Abroad+Consultant+In+Delhi+%7C+German+Language+Classes/data=!4m7!3m6!1s0x390cdc3007a91393:0x5f40fbee609fa9db!8m2!3d28.5475125!4d77.2523833!16s%2Fg%2F11bv3r1swr!19sChIJkxOpBzDcDDkR26mfYO77QF8?authuser=0&hl=en&rclk=1,28.5475125,77.2523833,3.91,YES
"IELTS Coaching or Tuition Institutes in Asian Games Village Complex, Delhi",28.5480609,77.2123381,"https://www.google.com/maps/place/Get+Success+Point%E2%84%A2+Coaching+Delhi+:+CUET+Entrance,+SSC,+BANK,+CTET,+CAT,+NDA,+Delhi+Police+Constable/data=!4m7!3m6!1s0x390d1e2382e1b731:0x508e682c03a75f32!8m2!3d28.5008235!4d77.1831487!16s%2Fg%2F11gc9g_wyp!19sChIJMbfhgiMeDTkRMl-nAyxojlA?authuser=0&hl=en&rclk=1",28.5008235,77.1831487,5.98,YES