Company_Name,Selected_Email,All_Emails,Email_Subject,Email_Body,Website,Career_Page_URL
Copper + Straw Speciality Coffee,hello@copperandstraw.ie,hello@copperandstraw.ie,Experienced Café Staff – Ready to Support Sales Targets,"Dear Copper + Straw Speciality Coffee,

I hope you're doing well.

My name is Sreesha, and I am writing to express my interest in a part-time opportunity at Copper + Straw Speciality Coffee.

I have previous experience working in cafés in India, where I developed strong customer service, sales, and teamwork skills.

In my previous roles, I was responsible for assisting customers, handling billing, managing orders efficiently during peak hours, maintaining cleanliness standards, and contributing to daily sales targets. Working in a fast-paced environment has helped me build excellent communication skills, patience, and the ability to handle pressure professionally.

I am confident that I can add value to your team by:
- Providing friendly and professional customer service
- Supporting the team in achieving sales targets
- Maintaining high hygiene and presentation standards
- Handling cash and POS systems responsibly
- Contributing positively to team coordination

I am available on both weekdays and weekends, including early morning or late evening shifts if required. I am flexible, quick to learn, and always willing to take initiative when needed.

I would truly appreciate the opportunity to contribute to your team and grow within your organization. I look forward to the possibility of discussing this further.

Best regards,
Sreesha
+353 831096848
mulasreesha@gmail.com",,Not Found
eathos - one (Upper Baggot St),hello@eathosdublin.com,hello@eathosdublin.com,Experienced Café Staff – Ready to Support Sales Targets,"Dear eathos - one (Upper Baggot St),

I hope you're doing well.

My name is Sreesha, and I am writing to express my interest in a part-time opportunity at eathos - one (Upper Baggot St).

I have previous experience working in cafés in India, where I developed strong customer service, sales, and teamwork skills.

In my previous roles, I was responsible for assisting customers, handling billing, managing orders efficiently during peak hours, maintaining cleanliness standards, and contributing to daily sales targets. Working in a fast-paced environment has helped me build excellent communication skills, patience, and the ability to handle pressure professionally.

I am confident that I can add value to your team by:
- Providing friendly and professional customer service
- Supporting the team in achieving sales targets
- Maintaining high hygiene and presentation standards
- Handling cash and POS systems responsibly
- Contributing positively to team coordination

I am available on both weekdays and weekends, including early morning or late evening shifts if required. I am flexible, quick to learn, and always willing to take initiative when needed.

I would truly appreciate the opportunity to contribute to your team and grow within your organization. I look forward to the possibility of discussing this further.

Best regards,
Sreesha
+353 831096848
mulasreesha@gmail.com",,Not Found
Frank and Honest Gourmet Coffee Company,hello@frankandhonest.ie,hello@frankandhonest.ie,Experienced Café Staff – Ready to Support Sales Targets,"Dear Frank and Honest Gourmet Coffee Company,

I hope you're doing well.

My name is Sreesha, and I am writing to express my interest in a part-time opportunity at Frank and Honest Gourmet Coffee Company.

I have previous experience working in cafés in India, where I developed strong customer service, sales, and teamwork skills.

In my previous roles, I was responsible for assisting customers, handling billing, managing orders efficiently during peak hours, maintaining cleanliness standards, and contributing to daily sales targets. Working in a fast-paced environment has helped me build excellent communication skills, patience, and the ability to handle pressure professionally.

I am confident that I can add value to your team by:
- Providing friendly and professional customer service
- Supporting the team in achieving sales targets
- Maintaining high hygiene and presentation standards
- Handling cash and POS systems responsibly
- Contributing positively to team coordination

I am available on both weekdays and weekends, including early morning or late evening shifts if required. I am flexible, quick to learn, and always willing to take initiative when needed.

I would truly appreciate the opportunity to contribute to your team and grow within your organization. I look forward to the possibility of discussing this further.

Best regards,
Sreesha
+353 831096848
mulasreesha@gmail.com",,Not Found
Guud Day Upper O'Connell Street,Hello@GuudDay.ie,Hello@GuudDay.ie,Experienced Café Staff – Ready to Support Sales Targets,"Dear Guud Day Upper O'Connell Street,

I hope you're doing well.

My name is Sreesha, and I am writing to express my interest in a part-time opportunity at Guud Day Upper O'Connell Street.

I have previous experience working in cafés in India, where I developed strong customer service, sales, and teamwork skills.

In my previous roles, I was responsible for assisting customers, handling billing, managing orders efficiently during peak hours, maintaining cleanliness standards, and contributing to daily sales targets. Working in a fast-paced environment has helped me build excellent communication skills, patience, and the ability to handle pressure professionally.

I am confident that I can add value to your team by:
- Providing friendly and professional customer service
- Supporting the team in achieving sales targets
- Maintaining high hygiene and presentation standards
- Handling cash and POS systems responsibly
- Contributing positively to team coordination

I am available on both weekdays and weekends, including early morning or late evening shifts if required. I am flexible, quick to learn, and always willing to take initiative when needed.

I would truly appreciate the opportunity to contribute to your team and grow within your organization. I look forward to the possibility of discussing this further.

Best regards,
Sreesha
+353 831096848
mulasreesha@gmail.com",,Not Found
Honest To Goodness Cafe,hello@honestdublin.com,"hello@honestdublin.com, 605a7baede844d278b89dc95ae0a9123@sentry-next.wixpress.com",Experienced Café Staff – Ready to Support Sales Targets,"Dear Honest To Goodness Cafe,

I hope you're doing well.

My name is Sreesha, and I am writing to express my interest in a part-time opportunity at Honest To Goodness Cafe.

I have previous experience working in cafés in India, where I developed strong customer service, sales, and teamwork skills.

In my previous roles, I was responsible for assisting customers, handling billing, managing orders efficiently during peak hours, maintaining cleanliness standards, and contributing to daily sales targets. Working in a fast-paced environment has helped me build excellent communication skills, patience, and the ability to handle pressure professionally.

I am confident that I can add value to your team by:
- Providing friendly and professional customer service
- Supporting the team in achieving sales targets
- Maintaining high hygiene and presentation standards
- Handling cash and POS systems responsibly
- Contributing positively to team coordination

I am available on both weekdays and weekends, including early morning or late evening shifts if required. I am flexible, quick to learn, and always willing to take initiative when needed.

I would truly appreciate the opportunity to contribute to your team and grow within your organization. I look forward to the possibility of discussing this further.

Best regards,
Sreesha
+353 831096848
mulasreesha@gmail.com",,Not Found
RóCo Café,hello@rococafe.ie,hello@rococafe.ie,Experienced Café Staff – Ready to Support Sales Targets,"Dear RóCo Café,

I hope you're doing well.

My name is Sreesha, and I am writing to express my interest in a part-time opportunity at RóCo Café.

I have previous experience working in cafés in India, where I developed strong customer service, sales, and teamwork skills.

In my previous roles, I was responsible for assisting customers, handling billing, managing orders efficiently during peak hours, maintaining cleanliness standards, and contributing to daily sales targets. Working in a fast-paced environment has helped me build excellent communication skills, patience, and the ability to handle pressure professionally.

I am confident that I can add value to your team by:
- Providing friendly and professional customer service
- Supporting the team in achieving sales targets
- Maintaining high hygiene and presentation standards
- Handling cash and POS systems responsibly
- Contributing positively to team coordination

I am available on both weekdays and weekends, including early morning or late evening shifts if required. I am flexible, quick to learn, and always willing to take initiative when needed.

I would truly appreciate the opportunity to contribute to your team and grow within your organization. I look forward to the possibility of discussing this further.

Best regards,
Sreesha
+353 831096848
mulasreesha@gmail.com",,https://rococafe.ie/careers
Southbank,hello@southbank.ie,"hello@southbankcafe.ie, 605a7baede844d278b89dc95ae0a9123@sentry-next.wixpress.com, 9a65e97ebe8141fca0c4fd686f70996b@sentry.wixpress.com, 8c4075d5481d476e945486754f783364@sentry.io, hello@southbank.ie, 8eb368c655b84e029ed79ad7a5c1718e@sentry.wixpress.com",Experienced Café Staff – Ready to Support Sales Targets,"Dear Southbank,

I hope you're doing well.

My name is Sreesha, and I am writing to express my interest in a part-time opportunity at Southbank.

I have previous experience working in cafés in India, where I developed strong customer service, sales, and teamwork skills.

In my previous roles, I was responsible for assisting customers, handling billing, managing orders efficiently during peak hours, maintaining cleanliness standards, and contributing to daily sales targets. Working in a fast-paced environment has helped me build excellent communication skills, patience, and the ability to handle pressure professionally.

I am confident that I can add value to your team by:
- Providing friendly and professional customer service
- Supporting the team in achieving sales targets
- Maintaining high hygiene and presentation standards
- Handling cash and POS systems responsibly
- Contributing positively to team coordination

I am available on both weekdays and weekends, including early morning or late evening shifts if required. I am flexible, quick to learn, and always willing to take initiative when needed.

I would truly appreciate the opportunity to contribute to your team and grow within your organization. I look forward to the possibility of discussing this further.

Best regards,
Sreesha
+353 831096848
mulasreesha@gmail.com",,Not Found
The Art of Coffee,hello@theartofcoffee.ie,hello@theartofcoffee.ie,Experienced Café Staff – Ready to Support Sales Targets,"Dear The Art of Coffee,

I hope you're doing well.

My name is Sreesha, and I am writing to express my interest in a part-time opportunity at The Art of Coffee.

I have previous experience working in cafés in India, where I developed strong customer service, sales, and teamwork skills.

In my previous roles, I was responsible for assisting customers, handling billing, managing orders efficiently during peak hours, maintaining cleanliness standards, and contributing to daily sales targets. Working in a fast-paced environment has helped me build excellent communication skills, patience, and the ability to handle pressure professionally.

I am confident that I can add value to your team by:
- Providing friendly and professional customer service
- Supporting the team in achieving sales targets
- Maintaining high hygiene and presentation standards
- Handling cash and POS systems responsibly
- Contributing positively to team coordination

I am available on both weekdays and weekends, including early morning or late evening shifts if required. I am flexible, quick to learn, and always willing to take initiative when needed.

I would truly appreciate the opportunity to contribute to your team and grow within your organization. I look forward to the possibility of discussing this further.

Best regards,
Sreesha
+353 831096848
mulasreesha@gmail.com",,Not Found
The Art of Coffee,hello@theartofcoffee.ie,hello@theartofcoffee.ie,Experienced Café Staff – Ready to Support Sales Targets,"Dear The Art of Coffee,

I hope you're doing well.

My name is Sreesha, and I am writing to express my interest in a part-time opportunity at The Art of Coffee.

I have previous experience working in cafés in India, where I developed strong customer service, sales, and teamwork skills.

In my previous roles, I was responsible for assisting customers, handling billing, managing orders efficiently during peak hours, maintaining cleanliness standards, and contributing to daily sales targets. Working in a fast-paced environment has helped me build excellent communication skills, patience, and the ability to handle pressure professionally.

I am confident that I can add value to your team by:
- Providing friendly and professional customer service
- Supporting the team in achieving sales targets
- Maintaining high hygiene and presentation standards
- Handling cash and POS systems responsibly
- Contributing positively to team coordination

I am available on both weekdays and weekends, including early morning or late evening shifts if required. I am flexible, quick to learn, and always willing to take initiative when needed.

I would truly appreciate the opportunity to contribute to your team and grow within your organization. I look forward to the possibility of discussing this further.

Best regards,
Sreesha
+353 831096848
mulasreesha@gmail.com",,Not Found
WALL & KEOGH Superior Teas,hello@wallandkeogh.ie,hello@wallandkeogh.ie,Experienced Café Staff – Ready to Support Sales Targets,"Dear WALL & KEOGH Superior Teas,

I hope you're doing well.

My name is Sreesha, and I am writing to express my interest in a part-time opportunity at WALL & KEOGH Superior Teas.

I have previous experience working in cafés in India, where I developed strong customer service, sales, and teamwork skills.

In my previous roles, I was responsible for assisting customers, handling billing, managing orders efficiently during peak hours, maintaining cleanliness standards, and contributing to daily sales targets. Working in a fast-paced environment has helped me build excellent communication skills, patience, and the ability to handle pressure professionally.

I am confident that I can add value to your team by:
- Providing friendly and professional customer service
- Supporting the team in achieving sales targets
- Maintaining high hygiene and presentation standards
- Handling cash and POS systems responsibly
- Contributing positively to team coordination

I am available on both weekdays and weekends, including early morning or late evening shifts if required. I am flexible, quick to learn, and always willing to take initiative when needed.

I would truly appreciate the opportunity to contribute to your team and grow within your organization. I look forward to the possibility of discussing this further.

Best regards,
Sreesha
+353 831096848
mulasreesha@gmail.com",,Not Found
Coffee Laboratory - Training and consultancy,info@coffeelaboratory.ie,info@coffeelaboratory.ie,Experienced Café Staff – Ready to Support Sales Targets,"Dear Coffee Laboratory - Training and consultancy,

I hope you're doing well.

My name is Sreesha, and I am writing to express my interest in a part-time opportunity at Coffee Laboratory - Training and consultancy.

I have previous experience working in cafés in India, where I developed strong customer service, sales, and teamwork skills.

In my previous roles, I was responsible for assisting customers, handling billing, managing orders efficiently during peak hours, maintaining cleanliness standards, and contributing to daily sales targets. Working in a fast-paced environment has helped me build excellent communication skills, patience, and the ability to handle pressure professionally.

I am confident that I can add value to your team by:
- Providing friendly and professional customer service
- Supporting the team in achieving sales targets
- Maintaining high hygiene and presentation standards
- Handling cash and POS systems responsibly
- Contributing positively to team coordination

I am available on both weekdays and weekends, including early morning or late evening shifts if required. I am flexible, quick to learn, and always willing to take initiative when needed.

I would truly appreciate the opportunity to contribute to your team and grow within your organization. I look forward to the possibility of discussing this further.

Best regards,
Sreesha
+353 831096848
mulasreesha@gmail.com",,Not Found
Creed Coffee Roasters,info@creedcoffeeroasters.ie,info@creedcoffeeroasters.ie,Experienced Café Staff – Ready to Support Sales Targets,"Dear Creed Coffee Roasters,

I hope you're doing well.

My name is Sreesha, and I am writing to express my interest in a part-time opportunity at Creed Coffee Roasters.

I have previous experience working in cafés in India, where I developed strong customer service, sales, and teamwork skills.

In my previous roles, I was responsible for assisting customers, handling billing, managing orders efficiently during peak hours, maintaining cleanliness standards, and contributing to daily sales targets. Working in a fast-paced environment has helped me build excellent communication skills, patience, and the ability to handle pressure professionally.

I am confident that I can add value to your team by:
- Providing friendly and professional customer service
- Supporting the team in achieving sales targets
- Maintaining high hygiene and presentation standards
- Handling cash and POS systems responsibly
- Contributing positively to team coordination

I am available on both weekdays and weekends, including early morning or late evening shifts if required. I am flexible, quick to learn, and always willing to take initiative when needed.

I would truly appreciate the opportunity to contribute to your team and grow within your organization. I look forward to the possibility of discussing this further.

Best regards,
Sreesha
+353 831096848
mulasreesha@gmail.com",,Not Found
Dublin Barista School,info@dublinbaristaschool.ie,info@dublinbaristaschool.ie,Experienced Café Staff – Ready to Support Sales Targets,"Dear Dublin Barista School,

I hope you're doing well.

My name is Sreesha, and I am writing to express my interest in a part-time opportunity at Dublin Barista School.

I have previous experience working in cafés in India, where I developed strong customer service, sales, and teamwork skills.

In my previous roles, I was responsible for assisting customers, handling billing, managing orders efficiently during peak hours, maintaining cleanliness standards, and contributing to daily sales targets. Working in a fast-paced environment has helped me build excellent communication skills, patience, and the ability to handle pressure professionally.

I am confident that I can add value to your team by:
- Providing friendly and professional customer service
- Supporting the team in achieving sales targets
- Maintaining high hygiene and presentation standards
- Handling cash and POS systems responsibly
- Contributing positively to team coordination

I am available on both weekdays and weekends, including early morning or late evening shifts if required. I am flexible, quick to learn, and always willing to take initiative when needed.

I would truly appreciate the opportunity to contribute to your team and grow within your organization. I look forward to the possibility of discussing this further.

Best regards,
Sreesha
+353 831096848
mulasreesha@gmail.com",,Not Found
Fogg Cafe,info@foggcafe.ie,info@foggcafe.ie,Experienced Café Staff – Ready to Support Sales Targets,"Dear Fogg Cafe,

I hope you're doing well.

My name is Sreesha, and I am writing to express my interest in a part-time opportunity at Fogg Cafe.

I have previous experience working in cafés in India, where I developed strong customer service, sales, and teamwork skills.

In my previous roles, I was responsible for assisting customers, handling billing, managing orders efficiently during peak hours, maintaining cleanliness standards, and contributing to daily sales targets. Working in a fast-paced environment has helped me build excellent communication skills, patience, and the ability to handle pressure professionally.

I am confident that I can add value to your team by:
- Providing friendly and professional customer service
- Supporting the team in achieving sales targets
- Maintaining high hygiene and presentation standards
- Handling cash and POS systems responsibly
- Contributing positively to team coordination

I am available on both weekdays and weekends, including early morning or late evening shifts if required. I am flexible, quick to learn, and always willing to take initiative when needed.

I would truly appreciate the opportunity to contribute to your team and grow within your organization. I look forward to the possibility of discussing this further.

Best regards,
Sreesha
+353 831096848
mulasreesha@gmail.com",,Not Found
Insomnia Coffee Company - Ballsbridge,info@insomnia.ie,info@insomnia.ie,Experienced Café Staff – Ready to Support Sales Targets,"Dear Insomnia Coffee Company - Ballsbridge,

I hope you're doing well.

My name is Sreesha, and I am writing to express my interest in a part-time opportunity at Insomnia Coffee Company - Ballsbridge.

I have previous experience working in cafés in India, where I developed strong customer service, sales, and teamwork skills.

In my previous roles, I was responsible for assisting customers, handling billing, managing orders efficiently during peak hours, maintaining cleanliness standards, and contributing to daily sales targets. Working in a fast-paced environment has helped me build excellent communication skills, patience, and the ability to handle pressure professionally.

I am confident that I can add value to your team by:
- Providing friendly and professional customer service
- Supporting the team in achieving sales targets
- Maintaining high hygiene and presentation standards
- Handling cash and POS systems responsibly
- Contributing positively to team coordination

I am available on both weekdays and weekends, including early morning or late evening shifts if required. I am flexible, quick to learn, and always willing to take initiative when needed.

I would truly appreciate the opportunity to contribute to your team and grow within your organization. I look forward to the possibility of discussing this further.

Best regards,
Sreesha
+353 831096848
mulasreesha@gmail.com",,https://www.insomnia.ie/careers
Irish Barista Academy,info@irishbaristaacademy.ie,info@irishbaristaacademy.ie,Experienced Café Staff – Ready to Support Sales Targets,"Dear Irish Barista Academy,

I hope you're doing well.

My name is Sreesha, and I am writing to express my interest in a part-time opportunity at Irish Barista Academy.

I have previous experience working in cafés in India, where I developed strong customer service, sales, and teamwork skills.

In my previous roles, I was responsible for assisting customers, handling billing, managing orders efficiently during peak hours, maintaining cleanliness standards, and contributing to daily sales targets. Working in a fast-paced environment has helped me build excellent communication skills, patience, and the ability to handle pressure professionally.

I am confident that I can add value to your team by:
- Providing friendly and professional customer service
- Supporting the team in achieving sales targets
- Maintaining high hygiene and presentation standards
- Handling cash and POS systems responsibly
- Contributing positively to team coordination

I am available on both weekdays and weekends, including early morning or late evening shifts if required. I am flexible, quick to learn, and always willing to take initiative when needed.

I would truly appreciate the opportunity to contribute to your team and grow within your organization. I look forward to the possibility of discussing this further.

Best regards,
Sreesha
+353 831096848
mulasreesha@gmail.com",,Not Found
Kaph,info@kaph.ie,info@kaph.ie,Experienced Café Staff – Ready to Support Sales Targets,"Dear Kaph,

I hope you're doing well.

My name is Sreesha, and I am writing to express my interest in a part-time opportunity at Kaph.

I have previous experience working in cafés in India, where I developed strong customer service, sales, and teamwork skills.

In my previous roles, I was responsible for assisting customers, handling billing, managing orders efficiently during peak hours, maintaining cleanliness standards, and contributing to daily sales targets. Working in a fast-paced environment has helped me build excellent communication skills, patience, and the ability to handle pressure professionally.

I am confident that I can add value to your team by:
- Providing friendly and professional customer service
- Supporting the team in achieving sales targets
- Maintaining high hygiene and presentation standards
- Handling cash and POS systems responsibly
- Contributing positively to team coordination

I am available on both weekdays and weekends, including early morning or late evening shifts if required. I am flexible, quick to learn, and always willing to take initiative when needed.

I would truly appreciate the opportunity to contribute to your team and grow within your organization. I look forward to the possibility of discussing this further.

Best regards,
Sreesha
+353 831096848
mulasreesha@gmail.com",,Not Found
Silverskin Coffee Roasters,info@silverskincoffee.ie,info@silverskincoffee.ie,Experienced Café Staff – Ready to Support Sales Targets,"Dear Silverskin Coffee Roasters,

I hope you're doing well.

My name is Sreesha, and I am writing to express my interest in a part-time opportunity at Silverskin Coffee Roasters.

I have previous experience working in cafés in India, where I developed strong customer service, sales, and teamwork skills.

In my previous roles, I was responsible for assisting customers, handling billing, managing orders efficiently during peak hours, maintaining cleanliness standards, and contributing to daily sales targets. Working in a fast-paced environment has helped me build excellent communication skills, patience, and the ability to handle pressure professionally.

I am confident that I can add value to your team by:
- Providing friendly and professional customer service
- Supporting the team in achieving sales targets
- Maintaining high hygiene and presentation standards
- Handling cash and POS systems responsibly
- Contributing positively to team coordination

I am available on both weekdays and weekends, including early morning or late evening shifts if required. I am flexible, quick to learn, and always willing to take initiative when needed.

I would truly appreciate the opportunity to contribute to your team and grow within your organization. I look forward to the possibility of discussing this further.

Best regards,
Sreesha
+353 831096848
mulasreesha@gmail.com",,Not Found
The Bean Box Coffee Shop,info@thebeanboxcoffeeshop.com,info@thebeanboxcoffeeshop.com,Experienced Café Staff – Ready to Support Sales Targets,"Dear The Bean Box Coffee Shop,

I hope you're doing well.

My name is Sreesha, and I am writing to express my interest in a part-time opportunity at The Bean Box Coffee Shop.

I have previous experience working in cafés in India, where I developed strong customer service, sales, and teamwork skills.

In my previous roles, I was responsible for assisting customers, handling billing, managing orders efficiently during peak hours, maintaining cleanliness standards, and contributing to daily sales targets. Working in a fast-paced environment has helped me build excellent communication skills, patience, and the ability to handle pressure professionally.

I am confident that I can add value to your team by:
- Providing friendly and professional customer service
- Supporting the team in achieving sales targets
- Maintaining high hygiene and presentation standards
- Handling cash and POS systems responsibly
- Contributing positively to team coordination

I am available on both weekdays and weekends, including early morning or late evening shifts if required. I am flexible, quick to learn, and always willing to take initiative when needed.

I would truly appreciate the opportunity to contribute to your team and grow within your organization. I look forward to the possibility of discussing this further.

Best regards,
Sreesha
+353 831096848
mulasreesha@gmail.com",,Not Found
Be Sweet Cafe,info@thebesweetcompany.com,info@thebesweetcompany.com,Experienced Café Staff – Ready to Support Sales Targets,"Dear Be Sweet Cafe,

I hope you're doing well.

My name is Sreesha, and I am writing to express my interest in a part-time opportunity at Be Sweet Cafe.

I have previous experience working in cafés in India, where I developed strong customer service, sales, and teamwork skills.

In my previous roles, I was responsible for assisting customers, handling billing, managing orders efficiently during peak hours, maintaining cleanliness standards, and contributing to daily sales targets. Working in a fast-paced environment has helped me build excellent communication skills, patience, and the ability to handle pressure professionally.

I am confident that I can add value to your team by:
- Providing friendly and professional customer service
- Supporting the team in achieving sales targets
- Maintaining high hygiene and presentation standards
- Handling cash and POS systems responsibly
- Contributing positively to team coordination

I am available on both weekdays and weekends, including early morning or late evening shifts if required. I am flexible, quick to learn, and always willing to take initiative when needed.

I would truly appreciate the opportunity to contribute to your team and grow within your organization. I look forward to the possibility of discussing this further.

Best regards,
Sreesha
+353 831096848
mulasreesha@gmail.com",,Not Found
The Art of Coffee - Dublin 8,hello@theartofcoffee.ie,"masonrybuilding@theartofcoffee.ie, hello@theartofcoffee.ie",Experienced Café Staff – Ready to Support Sales Targets,"Dear The Art of Coffee - Dublin 8,

I hope you're doing well.

My name is Sreesha, and I am writing to express my interest in a part-time opportunity at The Art of Coffee - Dublin 8.

I have previous experience working in cafés in India, where I developed strong customer service, sales, and teamwork skills.

In my previous roles, I was responsible for assisting customers, handling billing, managing orders efficiently during peak hours, maintaining cleanliness standards, and contributing to daily sales targets. Working in a fast-paced environment has helped me build excellent communication skills, patience, and the ability to handle pressure professionally.

I am confident that I can add value to your team by:
- Providing friendly and professional customer service
- Supporting the team in achieving sales targets
- Maintaining high hygiene and presentation standards
- Handling cash and POS systems responsibly
- Contributing positively to team coordination

I am available on both weekdays and weekends, including early morning or late evening shifts if required. I am flexible, quick to learn, and always willing to take initiative when needed.

I would truly appreciate the opportunity to contribute to your team and grow within your organization. I look forward to the possibility of discussing this further.

Best regards,
Sreesha
+353 831096848
mulasreesha@gmail.com",,Not Found
Mimi’s Coffee,mimisreservations@gmail.com,mimisreservations@gmail.com,Experienced Café Staff – Ready to Support Sales Targets,"Dear Mimi’s Coffee,

I hope you're doing well.

My name is Sreesha, and I am writing to express my interest in a part-time opportunity at Mimi’s Coffee.

I have previous experience working in cafés in India, where I developed strong customer service, sales, and teamwork skills.

In my previous roles, I was responsible for assisting customers, handling billing, managing orders efficiently during peak hours, maintaining cleanliness standards, and contributing to daily sales targets. Working in a fast-paced environment has helped me build excellent communication skills, patience, and the ability to handle pressure professionally.

I am confident that I can add value to your team by:
- Providing friendly and professional customer service
- Supporting the team in achieving sales targets
- Maintaining high hygiene and presentation standards
- Handling cash and POS systems responsibly
- Contributing positively to team coordination

I am available on both weekdays and weekends, including early morning or late evening shifts if required. I am flexible, quick to learn, and always willing to take initiative when needed.

I would truly appreciate the opportunity to contribute to your team and grow within your organization. I look forward to the possibility of discussing this further.

Best regards,
Sreesha
+353 831096848
mulasreesha@gmail.com",,https://about.instagram.com/about-us/careers
Ella's Heaven Cafe & Bakery,support@orderyoyo.com,"patrick.appleby@orderyoyo.com, johndoe@example.com, support@orderyoyo.com",Experienced Café Staff – Ready to Support Sales Targets,"Dear Ella's Heaven Cafe & Bakery,

I hope you're doing well.

My name is Sreesha, and I am writing to express my interest in a part-time opportunity at Ella's Heaven Cafe & Bakery.

I have previous experience working in cafés in India, where I developed strong customer service, sales, and teamwork skills.

In my previous roles, I was responsible for assisting customers, handling billing, managing orders efficiently during peak hours, maintaining cleanliness standards, and contributing to daily sales targets. Working in a fast-paced environment has helped me build excellent communication skills, patience, and the ability to handle pressure professionally.

I am confident that I can add value to your team by:
- Providing friendly and professional customer service
- Supporting the team in achieving sales targets
- Maintaining high hygiene and presentation standards
- Handling cash and POS systems responsibly
- Contributing positively to team coordination

I am available on both weekdays and weekends, including early morning or late evening shifts if required. I am flexible, quick to learn, and always willing to take initiative when needed.

I would truly appreciate the opportunity to contribute to your team and grow within your organization. I look forward to the possibility of discussing this further.

Best regards,
Sreesha
+353 831096848
mulasreesha@gmail.com",,Not Found
ku.fee™,reception@dylanbradshaw.com,reception@dylanbradshaw.com,Experienced Café Staff – Ready to Support Sales Targets,"Dear ku.fee™,

I hope you're doing well.

My name is Sreesha, and I am writing to express my interest in a part-time opportunity at ku.fee™.

I have previous experience working in cafés in India, where I developed strong customer service, sales, and teamwork skills.

In my previous roles, I was responsible for assisting customers, handling billing, managing orders efficiently during peak hours, maintaining cleanliness standards, and contributing to daily sales targets. Working in a fast-paced environment has helped me build excellent communication skills, patience, and the ability to handle pressure professionally.

I am confident that I can add value to your team by:
- Providing friendly and professional customer service
- Supporting the team in achieving sales targets
- Maintaining high hygiene and presentation standards
- Handling cash and POS systems responsibly
- Contributing positively to team coordination

I am available on both weekdays and weekends, including early morning or late evening shifts if required. I am flexible, quick to learn, and always willing to take initiative when needed.

I would truly appreciate the opportunity to contribute to your team and grow within your organization. I look forward to the possibility of discussing this further.

Best regards,
Sreesha
+353 831096848
mulasreesha@gmail.com",,https://www.dylanbradshaw.com/careers/
Coffeeangel,shop@coffeeangel.com,shop@coffeeangel.com,Experienced Café Staff – Ready to Support Sales Targets,"Dear Coffeeangel,

I hope you're doing well.

My name is Sreesha, and I am writing to express my interest in a part-time opportunity at Coffeeangel.

I have previous experience working in cafés in India, where I developed strong customer service, sales, and teamwork skills.

In my previous roles, I was responsible for assisting customers, handling billing, managing orders efficiently during peak hours, maintaining cleanliness standards, and contributing to daily sales targets. Working in a fast-paced environment has helped me build excellent communication skills, patience, and the ability to handle pressure professionally.

I am confident that I can add value to your team by:
- Providing friendly and professional customer service
- Supporting the team in achieving sales targets
- Maintaining high hygiene and presentation standards
- Handling cash and POS systems responsibly
- Contributing positively to team coordination

I am available on both weekdays and weekends, including early morning or late evening shifts if required. I am flexible, quick to learn, and always willing to take initiative when needed.

I would truly appreciate the opportunity to contribute to your team and grow within your organization. I look forward to the possibility of discussing this further.

Best regards,
Sreesha
+353 831096848
mulasreesha@gmail.com",,Not Found
Coffeeangel,shop@coffeeangel.com,shop@coffeeangel.com,Experienced Café Staff – Ready to Support Sales Targets,"Dear Coffeeangel,

I hope you're doing well.

My name is Sreesha, and I am writing to express my interest in a part-time opportunity at Coffeeangel.

I have previous experience working in cafés in India, where I developed strong customer service, sales, and teamwork skills.

In my previous roles, I was responsible for assisting customers, handling billing, managing orders efficiently during peak hours, maintaining cleanliness standards, and contributing to daily sales targets. Working in a fast-paced environment has helped me build excellent communication skills, patience, and the ability to handle pressure professionally.

I am confident that I can add value to your team by:
- Providing friendly and professional customer service
- Supporting the team in achieving sales targets
- Maintaining high hygiene and presentation standards
- Handling cash and POS systems responsibly
- Contributing positively to team coordination

I am available on both weekdays and weekends, including early morning or late evening shifts if required. I am flexible, quick to learn, and always willing to take initiative when needed.

I would truly appreciate the opportunity to contribute to your team and grow within your organization. I look forward to the possibility of discussing this further.

Best regards,
Sreesha
+353 831096848
mulasreesha@gmail.com",,Not Found
Academy Coffee Dublin,stay@academyplazahotel.ie,stay@academyplazahotel.ie,Experienced Café Staff – Ready to Support Sales Targets,"Dear Academy Coffee Dublin,

I hope you're doing well.

My name is Sreesha, and I am writing to express my interest in a part-time opportunity at Academy Coffee Dublin.

I have previous experience working in cafés in India, where I developed strong customer service, sales, and teamwork skills.

In my previous roles, I was responsible for assisting customers, handling billing, managing orders efficiently during peak hours, maintaining cleanliness standards, and contributing to daily sales targets. Working in a fast-paced environment has helped me build excellent communication skills, patience, and the ability to handle pressure professionally.

I am confident that I can add value to your team by:
- Providing friendly and professional customer service
- Supporting the team in achieving sales targets
- Maintaining high hygiene and presentation standards
- Handling cash and POS systems responsibly
- Contributing positively to team coordination

I am available on both weekdays and weekends, including early morning or late evening shifts if required. I am flexible, quick to learn, and always willing to take initiative when needed.

I would truly appreciate the opportunity to contribute to your team and grow within your organization. I look forward to the possibility of discussing this further.

Best regards,
Sreesha
+353 831096848
mulasreesha@gmail.com",,https://www.academyplazahotel.ie/en/academy-plaza-hotel-careers/
The Bald Barista,thebaldbarista@yahoo.com,thebaldbarista@yahoo.com,Experienced Café Staff – Ready to Support Sales Targets,"Dear The Bald Barista,

I hope you're doing well.

My name is Sreesha, and I am writing to express my interest in a part-time opportunity at The Bald Barista.

I have previous experience working in cafés in India, where I developed strong customer service, sales, and teamwork skills.

In my previous roles, I was responsible for assisting customers, handling billing, managing orders efficiently during peak hours, maintaining cleanliness standards, and contributing to daily sales targets. Working in a fast-paced environment has helped me build excellent communication skills, patience, and the ability to handle pressure professionally.

I am confident that I can add value to your team by:
- Providing friendly and professional customer service
- Supporting the team in achieving sales targets
- Maintaining high hygiene and presentation standards
- Handling cash and POS systems responsibly
- Contributing positively to team coordination

I am available on both weekdays and weekends, including early morning or late evening shifts if required. I am flexible, quick to learn, and always willing to take initiative when needed.

I would truly appreciate the opportunity to contribute to your team and grow within your organization. I look forward to the possibility of discussing this further.

Best regards,
Sreesha
+353 831096848
mulasreesha@gmail.com",,Not Found
Brindle Coffee & Wine,hello@firstdraftcoffee.com,"hello@firstdraftcoffee.com, hello@brindlecoffeewine.com",Experienced Café Staff – Ready to Support Sales Targets,"Dear Brindle Coffee & Wine,

I hope you're doing well.

My name is Sreesha, and I am writing to express my interest in a part-time opportunity at Brindle Coffee & Wine.

I have previous experience working in cafés in India, where I developed strong customer service, sales, and teamwork skills.

In my previous roles, I was responsible for assisting customers, handling billing, managing orders efficiently during peak hours, maintaining cleanliness standards, and contributing to daily sales targets. Working in a fast-paced environment has helped me build excellent communication skills, patience, and the ability to handle pressure professionally.

I am confident that I can add value to your team by:
- Providing friendly and professional customer service
- Supporting the team in achieving sales targets
- Maintaining high hygiene and presentation standards
- Handling cash and POS systems responsibly
- Contributing positively to team coordination

I am available on both weekdays and weekends, including early morning or late evening shifts if required. I am flexible, quick to learn, and always willing to take initiative when needed.

I would truly appreciate the opportunity to contribute to your team and grow within your organization. I look forward to the possibility of discussing this further.

Best regards,
Sreesha
+353 831096848
mulasreesha@gmail.com",,Not Found
Vice Coffee Inc,hello@vicecoffeeinc.com,hello@vicecoffeeinc.com,Experienced Café Staff – Ready to Support Sales Targets,"Dear Vice Coffee Inc,

I hope you're doing well.

My name is Sreesha, and I am writing to express my interest in a part-time opportunity at Vice Coffee Inc.

I have previous experience working in cafés in India, where I developed strong customer service, sales, and teamwork skills.

In my previous roles, I was responsible for assisting customers, handling billing, managing orders efficiently during peak hours, maintaining cleanliness standards, and contributing to daily sales targets. Working in a fast-paced environment has helped me build excellent communication skills, patience, and the ability to handle pressure professionally.

I am confident that I can add value to your team by:
- Providing friendly and professional customer service
- Supporting the team in achieving sales targets
- Maintaining high hygiene and presentation standards
- Handling cash and POS systems responsibly
- Contributing positively to team coordination

I am available on both weekdays and weekends, including early morning or late evening shifts if required. I am flexible, quick to learn, and always willing to take initiative when needed.

I would truly appreciate the opportunity to contribute to your team and grow within your organization. I look forward to the possibility of discussing this further.

Best regards,
Sreesha
+353 831096848
mulasreesha@gmail.com",,Not Found
Panem Café & Restaurant,info@panem.ie,info@panem.ie,Experienced Café Staff – Ready to Support Sales Targets,"Dear Panem Café & Restaurant,

I hope you're doing well.

My name is Sreesha, and I am writing to express my interest in a part-time opportunity at Panem Café & Restaurant.

I have previous experience working in cafés in India, where I developed strong customer service, sales, and teamwork skills.

In my previous roles, I was responsible for assisting customers, handling billing, managing orders efficiently during peak hours, maintaining cleanliness standards, and contributing to daily sales targets. Working in a fast-paced environment has helped me build excellent communication skills, patience, and the ability to handle pressure professionally.

I am confident that I can add value to your team by:
- Providing friendly and professional customer service
- Supporting the team in achieving sales targets
- Maintaining high hygiene and presentation standards
- Handling cash and POS systems responsibly
- Contributing positively to team coordination

I am available on both weekdays and weekends, including early morning or late evening shifts if required. I am flexible, quick to learn, and always willing to take initiative when needed.

I would truly appreciate the opportunity to contribute to your team and grow within your organization. I look forward to the possibility of discussing this further.

Best regards,
Sreesha
+353 831096848
mulasreesha@gmail.com",,Not Found
Proper Order Coffee Co,info@properordercoffeeco.com,info@properordercoffeeco.com,Experienced Café Staff – Ready to Support Sales Targets,"Dear Proper Order Coffee Co,

I hope you're doing well.

My name is Sreesha, and I am writing to express my interest in a part-time opportunity at Proper Order Coffee Co.

I have previous experience working in cafés in India, where I developed strong customer service, sales, and teamwork skills.

In my previous roles, I was responsible for assisting customers, handling billing, managing orders efficiently during peak hours, maintaining cleanliness standards, and contributing to daily sales targets. Working in a fast-paced environment has helped me build excellent communication skills, patience, and the ability to handle pressure professionally.

I am confident that I can add value to your team by:
- Providing friendly and professional customer service
- Supporting the team in achieving sales targets
- Maintaining high hygiene and presentation standards
- Handling cash and POS systems responsibly
- Contributing positively to team coordination

I am available on both weekdays and weekends, including early morning or late evening shifts if required. I am flexible, quick to learn, and always willing to take initiative when needed.

I would truly appreciate the opportunity to contribute to your team and grow within your organization. I look forward to the possibility of discussing this further.

Best regards,
Sreesha
+353 831096848
mulasreesha@gmail.com",,Not Found
Stay With Us,info@staywithus.ie,info@staywithus.ie,Experienced Café Staff – Ready to Support Sales Targets,"Dear Stay With Us,

I hope you're doing well.

My name is Sreesha, and I am writing to express my interest in a part-time opportunity at Stay With Us.

I have previous experience working in cafés in India, where I developed strong customer service, sales, and teamwork skills.

In my previous roles, I was responsible for assisting customers, handling billing, managing orders efficiently during peak hours, maintaining cleanliness standards, and contributing to daily sales targets. Working in a fast-paced environment has helped me build excellent communication skills, patience, and the ability to handle pressure professionally.

I am confident that I can add value to your team by:
- Providing friendly and professional customer service
- Supporting the team in achieving sales targets
- Maintaining high hygiene and presentation standards
- Handling cash and POS systems responsibly
- Contributing positively to team coordination

I am available on both weekdays and weekends, including early morning or late evening shifts if required. I am flexible, quick to learn, and always willing to take initiative when needed.

I would truly appreciate the opportunity to contribute to your team and grow within your organization. I look forward to the possibility of discussing this further.

Best regards,
Sreesha
+353 831096848
mulasreesha@gmail.com",,Not Found
Noshington Café,lizzy@noshington.ie,lizzy@noshington.ie,Experienced Café Staff – Ready to Support Sales Targets,"Dear Noshington Café,

I hope you're doing well.

My name is Sreesha, and I am writing to express my interest in a part-time opportunity at Noshington Café.

I have previous experience working in cafés in India, where I developed strong customer service, sales, and teamwork skills.

In my previous roles, I was responsible for assisting customers, handling billing, managing orders efficiently during peak hours, maintaining cleanliness standards, and contributing to daily sales targets. Working in a fast-paced environment has helped me build excellent communication skills, patience, and the ability to handle pressure professionally.

I am confident that I can add value to your team by:
- Providing friendly and professional customer service
- Supporting the team in achieving sales targets
- Maintaining high hygiene and presentation standards
- Handling cash and POS systems responsibly
- Contributing positively to team coordination

I am available on both weekdays and weekends, including early morning or late evening shifts if required. I am flexible, quick to learn, and always willing to take initiative when needed.

I would truly appreciate the opportunity to contribute to your team and grow within your organization. I look forward to the possibility of discussing this further.

Best regards,
Sreesha
+353 831096848
mulasreesha@gmail.com",,Not Found
