name,search_item,latitude,longitude,url,
Indraprastha Estate Delhi,"IELTS Coaching or Tuition Institutes in Indraprastha Estate, Delhi",28.5575086,77.2074357,"https://www.google.com/maps/place/Gulmohar+Park,+New+Delhi,+Delhi+110049/@28.5575086,77.2074357,16z/data=!3m1!4b1!4m6!3m5!1s0x390ce26b9e4b6b03:0xa250e95f2101e485!8m2!3d28.5572098!4d77.2127891!16s%2Fm%2F07kf075?entry=ttu&g_ep=EgoyMDI1MTAxMi4wIKXMDSoASAFQAw%3D%3D",
Jangpura Delhi,"IELTS Coaching or Tuition Institutes in Jangpura, Delhi",28.5575086,77.2074357,"https://www.google.com/maps/place/Gulmohar+Park,+New+Delhi,+Delhi+110049/@28.5575086,77.2074357,16z/data=!3m1!4b1!4m6!3m5!1s0x390ce26b9e4b6b03:0xa250e95f2101e485!8m2!3d28.5572098!4d77.2127891!16s%2Fm%2F07kf075?entry=ttu&g_ep=EgoyMDI1MTAxMi4wIKXMDSoASAFQAw%3D%3D",
Jor Bagh Delhi,"IELTS Coaching or Tuition Institutes in Jor Bagh, Delhi",28.5575086,77.2074357,"https://www.google.com/maps/place/Gulmohar+Park,+New+Delhi,+Delhi+110049/@28.5575086,77.2074357,16z/data=!3m1!4b1!4m6!3m5!1s0x390ce26b9e4b6b03:0xa250e95f2101e485!8m2!3d28.5572098!4d77.2127891!16s%2Fm%2F07kf075?entry=ttu&g_ep=EgoyMDI1MTAxMi4wIKXMDSoASAFQAw%3D%3D",
Kailash Colony Delhi,"IELTS Coaching or Tuition Institutes in Kailash Colony, Delhi",28.5575086,77.2074357,"https://www.google.com/maps/place/Gulmohar+Park,+New+Delhi,+Delhi+110049/@28.5575086,77.2074357,16z/data=!3m1!4b1!4m6!3m5!1s0x390ce26b9e4b6b03:0xa250e95f2101e485!8m2!3d28.5572098!4d77.2127891!16s%2Fm%2F07kf075?entry=ttu&g_ep=EgoyMDI1MTAxMi4wIKXMDSoASAFQAw%3D%3D",
Khan Market Delhi,"IELTS Coaching or Tuition Institutes in Khan Market, Delhi",28.5575086,77.2074357,"https://www.google.com/maps/place/Gulmohar+Park,+New+Delhi,+Delhi+110049/@28.5575086,77.2074357,16z/data=!3m1!4b1!4m6!3m5!1s0x390ce26b9e4b6b03:0xa250e95f2101e485!8m2!3d28.5572098!4d77.2127891!16s%2Fm%2F07kf075?entry=ttu&g_ep=EgoyMDI1MTAxMi4wIKXMDSoASAFQAw%3D%3D",
Kidwai Nagar Delhi,"IELTS Coaching or Tuition Institutes in Kidwai Nagar, Delhi",28.5575086,77.2074357,"https://www.google.com/maps/place/Gulmohar+Park,+New+Delhi,+Delhi+110049/@28.5575086,77.2074357,16z/data=!3m1!4b1!4m6!3m5!1s0x390ce26b9e4b6b03:0xa250e95f2101e485!8m2!3d28.5572098!4d77.2127891!16s%2Fm%2F07kf075?entry=ttu&g_ep=EgoyMDI1MTAxMi4wIKXMDSoASAFQAw%3D%3D",
Lodi Colony Delhi,"IELTS Coaching or Tuition Institutes in Lodi Colony, Delhi",28.5575086,77.2074357,"https://www.google.com/maps/place/Gulmohar+Park,+New+Delhi,+Delhi+110049/@28.5575086,77.2074357,16z/data=!3m1!4b1!4m6!3m5!1s0x390ce26b9e4b6b03:0xa250e95f2101e485!8m2!3d28.5572098!4d77.2127891!16s%2Fm%2F07kf075?entry=ttu&g_ep=EgoyMDI1MTAxMi4wIKXMDSoASAFQAw%3D%3D",
Maharani Bagh Delhi,"IELTS Coaching or Tuition Institutes in Maharani Bagh, Delhi",28.5575086,77.2074357,"https://www.google.com/maps/place/Gulmohar+Park,+New+Delhi,+Delhi+110049/@28.5575086,77.2074357,16z/data=!3m1!4b1!4m6!3m5!1s0x390ce26b9e4b6b03:0xa250e95f2101e485!8m2!3d28.5572098!4d77.2127891!16s%2Fm%2F07kf075?entry=ttu&g_ep=EgoyMDI1MTAxMi4wIKXMDSoASAFQAw%3D%3D",
Malviya Nagar Delhi,"IELTS Coaching or Tuition Institutes in Malviya Nagar, Delhi",28.5575086,77.2074357,"https://www.google.com/maps/place/Gulmohar+Park,+New+Delhi,+Delhi+110049/@28.5575086,77.2074357,16z/data=!3m1!4b1!4m6!3m5!1s0x390ce26b9e4b6b03:0xa250e95f2101e485!8m2!3d28.5572098!4d77.2127891!16s%2Fm%2F07kf075?entry=ttu&g_ep=EgoyMDI1MTAxMi4wIKXMDSoASAFQAw%3D%3D",
Model Town Delhi,"IELTS Coaching or Tuition Institutes in Model Town, Delhi",28.5575086,77.2074357,"https://www.google.com/maps/place/Gulmohar+Park,+New+Delhi,+Delhi+110049/@28.5575086,77.2074357,16z/data=!3m1!4b1!4m6!3m5!1s0x390ce26b9e4b6b03:0xa250e95f2101e485!8m2!3d28.5572098!4d77.2127891!16s%2Fm%2F07kf075?entry=ttu&g_ep=EgoyMDI1MTAxMi4wIKXMDSoASAFQAw%3D%3D",
Moti Bagh Delhi,"IELTS Coaching or Tuition Institutes in Moti Bagh, Delhi",28.5575086,77.2074357,"https://www.google.com/maps/place/Gulmohar+Park,+New+Delhi,+Delhi+110049/@28.5575086,77.2074357,16z/data=!3m1!4b1!4m6!3m5!1s0x390ce26b9e4b6b03:0xa250e95f2101e485!8m2!3d28.5572098!4d77.2127891!16s%2Fm%2F07kf075?entry=ttu&g_ep=EgoyMDI1MTAxMi4wIKXMDSoASAFQAw%3D%3D",
Neeti Bagh Delhi,"IELTS Coaching or Tuition Institutes in Neeti Bagh, Delhi",28.5575086,77.2074357,"https://www.google.com/maps/place/Gulmohar+Park,+New+Delhi,+Delhi+110049/@28.5575086,77.2074357,16z/data=!3m1!4b1!4m6!3m5!1s0x390ce26b9e4b6b03:0xa250e95f2101e485!8m2!3d28.5572098!4d77.2127891!16s%2Fm%2F07kf075?entry=ttu&g_ep=EgoyMDI1MTAxMi4wIKXMDSoASAFQAw%3D%3D",
New Friends Colony Delhi,"IELTS Coaching or Tuition Institutes in New Friends Colony, Delhi",28.5575086,77.2074357,"https://www.google.com/maps/place/Gulmohar+Park,+New+Delhi,+Delhi+110049/@28.5575086,77.2074357,16z/data=!3m1!4b1!4m6!3m5!1s0x390ce26b9e4b6b03:0xa250e95f2101e485!8m2!3d28.5572098!4d77.2127891!16s%2Fm%2F07kf075?entry=ttu&g_ep=EgoyMDI1MTAxMi4wIKXMDSoASAFQAw%3D%3D",
Panchsheel Enclave Delhi,"IELTS Coaching or Tuition Institutes in Panchsheel Enclave, Delhi",28.5575086,77.2074357,"https://www.google.com/maps/place/Gulmohar+Park,+New+Delhi,+Delhi+110049/@28.5575086,77.2074357,16z/data=!3m1!4b1!4m6!3m5!1s0x390ce26b9e4b6b03:0xa250e95f2101e485!8m2!3d28.5572098!4d77.2127891!16s%2Fm%2F07kf075?entry=ttu&g_ep=EgoyMDI1MTAxMi4wIKXMDSoASAFQAw%3D%3D",
Panchsheel Park Delhi,"IELTS Coaching or Tuition Institutes in Panchsheel Park, Delhi",28.5575086,77.2074357,"https://www.google.com/maps/place/Gulmohar+Park,+New+Delhi,+Delhi+110049/@28.5575086,77.2074357,16z/data=!3m1!4b1!4m6!3m5!1s0x390ce26b9e4b6b03:0xa250e95f2101e485!8m2!3d28.5572098!4d77.2127891!16s%2Fm%2F07kf075?entry=ttu&g_ep=EgoyMDI1MTAxMi4wIKXMDSoASAFQAw%3D%3D",
R K Puram Delhi,"IELTS Coaching or Tuition Institutes in R K Puram, Delhi",28.5575086,77.2074357,"https://www.google.com/maps/place/Gulmohar+Park,+New+Delhi,+Delhi+110049/@28.5575086,77.2074357,16z/data=!3m1!4b1!4m6!3m5!1s0x390ce26b9e4b6b03:0xa250e95f2101e485!8m2!3d28.5572098!4d77.2127891!16s%2Fm%2F07kf075?entry=ttu&g_ep=EgoyMDI1MTAxMi4wIKXMDSoASAFQAw%3D%3D",
Safdarjung Development Area Delhi,"IELTS Coaching or Tuition Institutes in Safdarjung Development Area, Delhi",28.5575086,77.2074357,"https://www.google.com/maps/place/Gulmohar+Park,+New+Delhi,+Delhi+110049/@28.5575086,77.2074357,16z/data=!3m1!4b1!4m6!3m5!1s0x390ce26b9e4b6b03:0xa250e95f2101e485!8m2!3d28.5572098!4d77.2127891!16s%2Fm%2F07kf075?entry=ttu&g_ep=EgoyMDI1MTAxMi4wIKXMDSoASAFQAw%3D%3D",
Safdarjung Enclave Delhi,"IELTS Coaching or Tuition Institutes in Safdarjung Enclave, Delhi",28.5575086,77.2074357,"https://www.google.com/maps/place/Gulmohar+Park,+New+Delhi,+Delhi+110049/@28.5575086,77.2074357,16z/data=!3m1!4b1!4m6!3m5!1s0x390ce26b9e4b6b03:0xa250e95f2101e485!8m2!3d28.5572098!4d77.2127891!16s%2Fm%2F07kf075?entry=ttu&g_ep=EgoyMDI1MTAxMi4wIKXMDSoASAFQAw%3D%3D",
Sainik Farm Delhi,"IELTS Coaching or Tuition Institutes in Sainik Farm, Delhi",28.5575086,77.2074357,"https://www.google.com/maps/place/Gulmohar+Park,+New+Delhi,+Delhi+110049/@28.5575086,77.2074357,16z/data=!3m1!4b1!4m6!3m5!1s0x390ce26b9e4b6b03:0xa250e95f2101e485!8m2!3d28.5572098!4d77.2127891!16s%2Fm%2F07kf075?entry=ttu&g_ep=EgoyMDI1MTAxMi4wIKXMDSoASAFQAw%3D%3D",
Saket Delhi,"IELTS Coaching or Tuition Institutes in Saket, Delhi",28.5575086,77.2074357,"https://www.google.com/maps/place/Gulmohar+Park,+New+Delhi,+Delhi+110049/@28.5575086,77.2074357,16z/data=!3m1!4b1!4m6!3m5!1s0x390ce26b9e4b6b03:0xa250e95f2101e485!8m2!3d28.5572098!4d77.2127891!16s%2Fm%2F07kf075?entry=ttu&g_ep=EgoyMDI1MTAxMi4wIKXMDSoASAFQAw%3D%3D",
Shanti Niketan Delhi,"IELTS Coaching or Tuition Institutes in Shanti Niketan, Delhi",28.5575086,77.2074357,"https://www.google.com/maps/place/Gulmohar+Park,+New+Delhi,+Delhi+110049/@28.5575086,77.2074357,16z/data=!3m1!4b1!4m6!3m5!1s0x390ce26b9e4b6b03:0xa250e95f2101e485!8m2!3d28.5572098!4d77.2127891!16s%2Fm%2F07kf075?entry=ttu&g_ep=EgoyMDI1MTAxMi4wIKXMDSoASAFQAw%3D%3D",
Siri Fort Delhi,"IELTS Coaching or Tuition Institutes in Siri Fort, Delhi",28.5575086,77.2074357,"https://www.google.com/maps/place/Gulmohar+Park,+New+Delhi,+Delhi+110049/@28.5575086,77.2074357,16z/data=!3m1!4b1!4m6!3m5!1s0x390ce26b9e4b6b03:0xa250e95f2101e485!8m2!3d28.5572098!4d77.2127891!16s%2Fm%2F07kf075?entry=ttu&g_ep=EgoyMDI1MTAxMi4wIKXMDSoASAFQAw%3D%3D",
South Extension Part 1 Delhi,"IELTS Coaching or Tuition Institutes in South Extension Part 1, Delhi",28.5575086,77.2074357,"https://www.google.com/maps/place/Gulmohar+Park,+New+Delhi,+Delhi+110049/@28.5575086,77.2074357,16z/data=!3m1!4b1!4m6!3m5!1s0x390ce26b9e4b6b03:0xa250e95f2101e485!8m2!3d28.5572098!4d77.2127891!16s%2Fm%2F07kf075?entry=ttu&g_ep=EgoyMDI1MTAxMi4wIKXMDSoASAFQAw%3D%3D",
South Extension Part 2 Delhi,"IELTS Coaching or Tuition Institutes in South Extension Part 2, Delhi",28.5575086,77.2074357,"https://www.google.com/maps/place/Gulmohar+Park,+New+Delhi,+Delhi+110049/@28.5575086,77.2074357,16z/data=!3m1!4b1!4m6!3m5!1s0x390ce26b9e4b6b03:0xa250e95f2101e485!8m2!3d28.5572098!4d77.2127891!16s%2Fm%2F07kf075?entry=ttu&g_ep=EgoyMDI1MTAxMi4wIKXMDSoASAFQAw%3D%3D",
Sundar Nagar Delhi,"IELTS Coaching or Tuition Institutes in Sundar Nagar, Delhi",28.5575086,77.2074357,"https://www.google.com/maps/place/Gulmohar+Park,+New+Delhi,+Delhi+110049/@28.5575086,77.2074357,16z/data=!3m1!4b1!4m6!3m5!1s0x390ce26b9e4b6b03:0xa250e95f2101e485!8m2!3d28.5572098!4d77.2127891!16s%2Fm%2F07kf075?entry=ttu&g_ep=EgoyMDI1MTAxMi4wIKXMDSoASAFQAw%3D%3D",
Uday Park Delhi,"IELTS Coaching or Tuition Institutes in Uday Park, Delhi",28.5575086,77.2074357,"https://www.google.com/maps/place/Gulmohar+Park,+New+Delhi,+Delhi+110049/@28.5575086,77.2074357,16z/data=!3m1!4b1!4m6!3m5!1s0x390ce26b9e4b6b03:0xa250e95f2101e485!8m2!3d28.5572098!4d77.2127891!16s%2Fm%2F07kf075?entry=ttu&g_ep=EgoyMDI1MTAxMi4wIKXMDSoASAFQAw%3D%3D",
Vasant Kunj Delhi,"IELTS Coaching or Tuition Institutes in Vasant Kunj, Delhi",28.5575086,77.2074357,"https://www.google.com/maps/place/Gulmohar+Park,+New+Delhi,+Delhi+110049/@28.5575086,77.2074357,16z/data=!3m1!4b1!4m6!3m5!1s0x390ce26b9e4b6b03:0xa250e95f2101e485!8m2!3d28.5572098!4d77.2127891!16s%2Fm%2F07kf075?entry=ttu&g_ep=EgoyMDI1MTAxMi4wIKXMDSoASAFQAw%3D%3D",
Vasant Vihar Delhi,"IELTS Coaching or Tuition Institutes in Vasant Vihar, Delhi",28.5575086,77.2074357,"https://www.google.com/maps/place/Gulmohar+Park,+New+Delhi,+Delhi+110049/@28.5575086,77.2074357,16z/data=!3m1!4b1!4m6!3m5!1s0x390ce26b9e4b6b03:0xa250e95f2101e485!8m2!3d28.5572098!4d77.2127891!16s%2Fm%2F07kf075?entry=ttu&g_ep=EgoyMDI1MTAxMi4wIKXMDSoASAFQAw%3D%3D",
Altamount Road Mumbai,"IELTS Coaching or Tuition Institutes in Altamount Road, Mumbai",28.5575086,77.2074357,"https://www.google.com/maps/place/Gulmohar+Park,+New+Delhi,+Delhi+110049/@28.5575086,77.2074357,16z/data=!3m1!4b1!4m6!3m5!1s0x390ce26b9e4b6b03:0xa250e95f2101e485!8m2!3d28.5572098!4d77.2127891!16s%2Fm%2F07kf075?entry=ttu&g_ep=EgoyMDI1MTAxMi4wIKXMDSoASAFQAw%3D%3D",
Bandra Kurla Complex Mumbai,"IELTS Coaching or Tuition Institutes in Bandra Kurla Complex, Mumbai",28.5575086,77.2074357,"https://www.google.com/maps/place/Gulmohar+Park,+New+Delhi,+Delhi+110049/@28.5575086,77.2074357,16z/data=!3m1!4b1!4m6!3m5!1s0x390ce26b9e4b6b03:0xa250e95f2101e485!8m2!3d28.5572098!4d77.2127891!16s%2Fm%2F07kf075?entry=ttu&g_ep=EgoyMDI1MTAxMi4wIKXMDSoASAFQAw%3D%3D",
Bandra West Mumbai,"IELTS Coaching or Tuition Institutes in Bandra West, Mumbai",28.5575086,77.2074357,"https://www.google.com/maps/place/Gulmohar+Park,+New+Delhi,+Delhi+110049/@28.5575086,77.2074357,16z/data=!3m1!4b1!4m6!3m5!1s0x390ce26b9e4b6b03:0xa250e95f2101e485!8m2!3d28.5572098!4d77.2127891!16s%2Fm%2F07kf075?entry=ttu&g_ep=EgoyMDI1MTAxMi4wIKXMDSoASAFQAw%3D%3D",
Breach Candy Mumbai,"IELTS Coaching or Tuition Institutes in Breach Candy, Mumbai",28.5575086,77.2074357,"https://www.google.com/maps/place/Gulmohar+Park,+New+Delhi,+Delhi+110049/@28.5575086,77.2074357,16z/data=!3m1!4b1!4m6!3m5!1s0x390ce26b9e4b6b03:0xa250e95f2101e485!8m2!3d28.5572098!4d77.2127891!16s%2Fm%2F07kf075?entry=ttu&g_ep=EgoyMDI1MTAxMi4wIKXMDSoASAFQAw%3D%3D",
Carter Road Mumbai,"IELTS Coaching or Tuition Institutes in Carter Road, Mumbai",28.5575086,77.2074357,"https://www.google.com/maps/place/Gulmohar+Park,+New+Delhi,+Delhi+110049/@28.5575086,77.2074357,16z/data=!3m1!4b1!4m6!3m5!1s0x390ce26b9e4b6b03:0xa250e95f2101e485!8m2!3d28.5572098!4d77.2127891!16s%2Fm%2F07kf075?entry=ttu&g_ep=EgoyMDI1MTAxMi4wIKXMDSoASAFQAw%3D%3D",
Church Gate Mumbai,"IELTS Coaching or Tuition Institutes in Church Gate, Mumbai",28.5575086,77.2074357,"https://www.google.com/maps/place/Gulmohar+Park,+New+Delhi,+Delhi+110049/@28.5575086,77.2074357,16z/data=!3m1!4b1!4m6!3m5!1s0x390ce26b9e4b6b03:0xa250e95f2101e485!8m2!3d28.5572098!4d77.2127891!16s%2Fm%2F07kf075?entry=ttu&g_ep=EgoyMDI1MTAxMi4wIKXMDSoASAFQAw%3D%3D",
Colaba Mumbai,"IELTS Coaching or Tuition Institutes in Colaba, Mumbai",28.5575086,77.2074357,"https://www.google.com/maps/place/Gulmohar+Park,+New+Delhi,+Delhi+110049/@28.5575086,77.2074357,16z/data=!3m1!4b1!4m6!3m5!1s0x390ce26b9e4b6b03:0xa250e95f2101e485!8m2!3d28.5572098!4d77.2127891!16s%2Fm%2F07kf075?entry=ttu&g_ep=EgoyMDI1MTAxMi4wIKXMDSoASAFQAw%3D%3D",
Cuffe Parade Mumbai,"IELTS Coaching or Tuition Institutes in Cuffe Parade, Mumbai",28.5575086,77.2074357,"https://www.google.com/maps/place/Gulmohar+Park,+New+Delhi,+Delhi+110049/@28.5575086,77.2074357,16z/data=!3m1!4b1!4m6!3m5!1s0x390ce26b9e4b6b03:0xa250e95f2101e485!8m2!3d28.5572098!4d77.2127891!16s%2Fm%2F07kf075?entry=ttu&g_ep=EgoyMDI1MTAxMi4wIKXMDSoASAFQAw%3D%3D",
Cumballa Hill Mumbai,"IELTS Coaching or Tuition Institutes in Cumballa Hill, Mumbai",28.5575086,77.2074357,"https://www.google.com/maps/place/Gulmohar+Park,+New+Delhi,+Delhi+110049/@28.5575086,77.2074357,16z/data=!3m1!4b1!4m6!3m5!1s0x390ce26b9e4b6b03:0xa250e95f2101e485!8m2!3d28.5572098!4d77.2127891!16s%2Fm%2F07kf075?entry=ttu&g_ep=EgoyMDI1MTAxMi4wIKXMDSoASAFQAw%3D%3D",
Fort Mumbai,"IELTS Coaching or Tuition Institutes in Fort, Mumbai",28.5575086,77.2074357,"https://www.google.com/maps/place/Gulmohar+Park,+New+Delhi,+Delhi+110049/@28.5575086,77.2074357,16z/data=!3m1!4b1!4m6!3m5!1s0x390ce26b9e4b6b03:0xa250e95f2101e485!8m2!3d28.5572098!4d77.2127891!16s%2Fm%2F07kf075?entry=ttu&g_ep=EgoyMDI1MTAxMi4wIKXMDSoASAFQAw%3D%3D",
Gulmohar Road Mumbai,"IELTS Coaching or Tuition Institutes in Gulmohar Road, Mumbai",28.5575086,77.2074357,"https://www.google.com/maps/place/Gulmohar+Park,+New+Delhi,+Delhi+110049/@28.5575086,77.2074357,16z/data=!3m1!4b1!4m6!3m5!1s0x390ce26b9e4b6b03:0xa250e95f2101e485!8m2!3d28.5572098!4d77.2127891!16s%2Fm%2F07kf075?entry=ttu&g_ep=EgoyMDI1MTAxMi4wIKXMDSoASAFQAw%3D%3D",
Haji Ali Mumbai,"IELTS Coaching or Tuition Institutes in Haji Ali, Mumbai",28.5575086,77.2074357,"https://www.google.com/maps/place/Gulmohar+Park,+New+Delhi,+Delhi+110049/@28.5575086,77.2074357,16z/data=!3m1!4b1!4m6!3m5!1s0x390ce26b9e4b6b03:0xa250e95f2101e485!8m2!3d28.5572098!4d77.2127891!16s%2Fm%2F07kf075?entry=ttu&g_ep=EgoyMDI1MTAxMi4wIKXMDSoASAFQAw%3D%3D",
Juhu Mumbai,"IELTS Coaching or Tuition Institutes in Juhu, Mumbai",28.5575086,77.2074357,"https://www.google.com/maps/place/Gulmohar+Park,+New+Delhi,+Delhi+110049/@28.5575086,77.2074357,16z/data=!3m1!4b1!4m6!3m5!1s0x390ce26b9e4b6b03:0xa250e95f2101e485!8m2!3d28.5572098!4d77.2127891!16s%2Fm%2F07kf075?entry=ttu&g_ep=EgoyMDI1MTAxMi4wIKXMDSoASAFQAw%3D%3D",
Juhu Tara Road Mumbai,"IELTS Coaching or Tuition Institutes in Juhu Tara Road, Mumbai",28.5575086,77.2074357,"https://www.google.com/maps/place/Gulmohar+Park,+New+Delhi,+Delhi+110049/@28.5575086,77.2074357,16z/data=!3m1!4b1!4m6!3m5!1s0x390ce26b9e4b6b03:0xa250e95f2101e485!8m2!3d28.5572098!4d77.2127891!16s%2Fm%2F07kf075?entry=ttu&g_ep=EgoyMDI1MTAxMi4wIKXMDSoASAFQAw%3D%3D",
Kemps Corner Mumbai,"IELTS Coaching or Tuition Institutes in Kemps Corner, Mumbai",28.5575086,77.2074357,"https://www.google.com/maps/place/Gulmohar+Park,+New+Delhi,+Delhi+110049/@28.5575086,77.2074357,16z/data=!3m1!4b1!4m6!3m5!1s0x390ce26b9e4b6b03:0xa250e95f2101e485!8m2!3d28.5572098!4d77.2127891!16s%2Fm%2F07kf075?entry=ttu&g_ep=EgoyMDI1MTAxMi4wIKXMDSoASAFQAw%3D%3D",
Khar West Mumbai,"IELTS Coaching or Tuition Institutes in Khar West, Mumbai",28.5575086,77.2074357,"https://www.google.com/maps/place/Gulmohar+Park,+New+Delhi,+Delhi+110049/@28.5575086,77.2074357,16z/data=!3m1!4b1!4m6!3m5!1s0x390ce26b9e4b6b03:0xa250e95f2101e485!8m2!3d28.5572098!4d77.2127891!16s%2Fm%2F07kf075?entry=ttu&g_ep=EgoyMDI1MTAxMi4wIKXMDSoASAFQAw%3D%3D",
Lower Parel Mumbai,"IELTS Coaching or Tuition Institutes in Lower Parel, Mumbai",28.5575086,77.2074357,"https://www.google.com/maps/place/Gulmohar+Park,+New+Delhi,+Delhi+110049/@28.5575086,77.2074357,16z/data=!3m1!4b1!4m6!3m5!1s0x390ce26b9e4b6b03:0xa250e95f2101e485!8m2!3d28.5572098!4d77.2127891!16s%2Fm%2F07kf075?entry=ttu&g_ep=EgoyMDI1MTAxMi4wIKXMDSoASAFQAw%3D%3D",
Mahalaxmi Mumbai,"IELTS Coaching or Tuition Institutes in Mahalaxmi, Mumbai",28.5575086,77.2074357,"https://www.google.com/maps/place/Gulmohar+Park,+New+Delhi,+Delhi+110049/@28.5575086,77.2074357,16z/data=!3m1!4b1!4m6!3m5!1s0x390ce26b9e4b6b03:0xa250e95f2101e485!8m2!3d28.5572098!4d77.2127891!16s%2Fm%2F07kf075?entry=ttu&g_ep=EgoyMDI1MTAxMi4wIKXMDSoASAFQAw%3D%3D",
Malabar Hill Mumbai,"IELTS Coaching or Tuition Institutes in Malabar Hill, Mumbai",28.5575086,77.2074357,"https://www.google.com/maps/place/Gulmohar+Park,+New+Delhi,+Delhi+110049/@28.5575086,77.2074357,16z/data=!3m1!4b1!4m6!3m5!1s0x390ce26b9e4b6b03:0xa250e95f2101e485!8m2!3d28.5572098!4d77.2127891!16s%2Fm%2F07kf075?entry=ttu&g_ep=EgoyMDI1MTAxMi4wIKXMDSoASAFQAw%3D%3D",
Marine Lines Mumbai,"IELTS Coaching or Tuition Institutes in Marine Lines, Mumbai",28.5575086,77.2074357,"https://www.google.com/maps/place/Gulmohar+Park,+New+Delhi,+Delhi+110049/@28.5575086,77.2074357,16z/data=!3m1!4b1!4m6!3m5!1s0x390ce26b9e4b6b03:0xa250e95f2101e485!8m2!3d28.5572098!4d77.2127891!16s%2Fm%2F07kf075?entry=ttu&g_ep=EgoyMDI1MTAxMi4wIKXMDSoASAFQAw%3D%3D",
Nariman Point Mumbai,"IELTS Coaching or Tuition Institutes in Nariman Point, Mumbai",28.5575086,77.2074357,"https://www.google.com/maps/place/Gulmohar+Park,+New+Delhi,+Delhi+110049/@28.5575086,77.2074357,16z/data=!3m1!4b1!4m6!3m5!1s0x390ce26b9e4b6b03:0xa250e95f2101e485!8m2!3d28.5572098!4d77.2127891!16s%2Fm%2F07kf075?entry=ttu&g_ep=EgoyMDI1MTAxMi4wIKXMDSoASAFQAw%3D%3D",
Opera House Mumbai,"IELTS Coaching or Tuition Institutes in Opera House, Mumbai",28.5575086,77.2074357,"https://www.google.com/maps/search/Opera+House+Mumbai/@28.5575086,77.2074357,16z?entry=ttu&g_ep=EgoyMDI1MTAxMi4wIKXMDSoASAFQAw%3D%3D",
Pali Hill Mumbai,"IELTS Coaching or Tuition Institutes in Pali Hill, Mumbai",19.0682845,72.8154183,"https://www.google.com/maps/place/Pali+Hill,+Mumbai,+Maharashtra/@19.0682845,72.8154183,15z/data=!3m1!4b1!4m6!3m5!1s0x3be7c96cec6b8b4d:0xf2ef1411250a699b!8m2!3d19.0673678!4d72.8262411!16zL20vMDJ6NDV2?entry=ttu&g_ep=EgoyMDI1MTAxMi4wIKXMDSoASAFQAw%3D%3D",
Peddar Road Mumbai,"IELTS Coaching or Tuition Institutes in Peddar Road, Mumbai",18.9714097,72.8068664,"https://www.google.com/maps/place/Pedder+Rd,+Mumbai,+Maharashtra+400026/@18.9714097,72.8068664,17z/data=!3m1!4b1!4m6!3m5!1s0x3be7ce7694d33ccf:0x244e8c32748adfe0!8m2!3d18.9714097!4d72.8094413!16zL20vMGdwazhx?entry=ttu&g_ep=EgoyMDI1MTAxMi4wIKXMDSoASAFQAw%3D%3D",
Powai Mumbai,"IELTS Coaching or Tuition Institutes in Powai, Mumbai",19.1250436,72.8638489,"https://www.google.com/maps/place/Powai,+Mumbai,+Maharashtra/@19.1250436,72.8638489,13z/data=!3m1!4b1!4m6!3m5!1s0x3be7c8081c1d7b43:0xbaf100c54b8be366!8m2!3d19.1175993!4d72.9059747!16zL20vMDJzaHo0?entry=ttu&g_ep=EgoyMDI1MTAxMi4wIKXMDSoASAFQAw%3D%3D",
Prabhadevi Mumbai,"IELTS Coaching or Tuition Institutes in Prabhadevi, Mumbai",19.015249,72.8181429,"https://www.google.com/maps/place/Prabhadevi,+Mumbai,+Maharashtra/@19.015249,72.8181429,15z/data=!3m1!4b1!4m6!3m5!1s0x3be7ceba2edaae71:0x94033f02db425cf!8m2!3d19.0163283!4d72.8291129!16zL20vMDVyOWdx?entry=ttu&g_ep=EgoyMDI1MTAxMi4wIKXMDSoASAFQAw%3D%3D",
Tardeo Mumbai,"IELTS Coaching or Tuition Institutes in Tardeo, Mumbai",18.9698407,72.8032996,"https://www.google.com/maps/place/Tardeo,+Mumbai,+Maharashtra/@18.9698407,72.8032996,15z/data=!3m1!4b1!4m6!3m5!1s0x3be7ce7393614147:0x98c343b8067470c9!8m2!3d18.9675954!4d72.8141444!16zL20vMDY0eTNy?entry=ttu&g_ep=EgoyMDI1MTAxMi4wIKXMDSoASAFQAw%3D%3D",
Upper Parel Mumbai,"IELTS Coaching or Tuition Institutes in Upper Parel, Mumbai",18.9982453,72.8209811,"https://www.google.com/maps/place/Parel,+Mumbai,+Maharashtra/@18.9982453,72.8209811,14z/data=!3m1!4b1!4m6!3m5!1s0x3be7cefaff143987:0x11a57272db3e78d0!8m2!3d19.0035047!4d72.8418388!16zL20vMDJ5NDBw?entry=ttu&g_ep=EgoyMDI1MTAxMi4wIKXMDSoASAFQAw%3D%3D",
Upper Worli Mumbai,"IELTS Coaching or Tuition Institutes in Upper Worli, Mumbai",18.9936229,72.8159161,"https://www.google.com/maps/place/Upper+Worli,+Worli,+Mumbai,+Maharashtra/@18.9936229,72.8159161,16z/data=!3m1!4b1!4m6!3m5!1s0x3be7ce8eb31cc753:0x1be48eb10d5727!8m2!3d18.9942651!4d72.8212794!16s%2Fg%2F12jm08439?entry=ttu&g_ep=EgoyMDI1MTAxMi4wIKXMDSoASAFQAw%3D%3D",
Walkeshwar Mumbai,"IELTS Coaching or Tuition Institutes in Walkeshwar, Mumbai",18.9512719,72.7976441,"https://www.google.com/maps/place/Walkeshwar,+Malabar+Hill,+Mumbai,+Maharashtra/@18.9512719,72.7976441,16z/data=!3m1!4b1!4m6!3m5!1s0x3be7cdfd358758a9:0x44c0bdedb8e06de6!8m2!3d18.950754!4d72.8020638!16zL20vMDkzZmoz?entry=ttu&g_ep=EgoyMDI1MTAxMi4wIKXMDSoASAFQAw%3D%3D",
Warden Road Mumbai,"IELTS Coaching or Tuition Institutes in Warden Road, Mumbai",18.9716327,72.7960662,"https://www.google.com/maps/place/Breach+Candy,+Cumballa+Hill,+Mumbai,+Maharashtra+400026/@18.9716327,72.7960662,15z/data=!3m1!4b1!4m6!3m5!1s0x3be7cdd8a947002d:0x177117d80ecc7ea2!8m2!3d18.9746317!4d72.8065023!16s%2Fm%2F02wvkhq?entry=ttu&g_ep=EgoyMDI1MTAxMi4wIKXMDSoASAFQAw%3D%3D",
Worli Mumbai,"IELTS Coaching or Tuition Institutes in Worli, Mumbai",19.0039289,72.8007003,"https://www.google.com/maps/place/Worli,+Mumbai,+Maharashtra/@19.0039289,72.8007003,14z/data=!3m1!4b1!4m6!3m5!1s0x3be7ce9734348cc5:0x1f77abaae06400ec!8m2!3d18.9986406!4d72.8173599!16zL20vMDJ5NDJf?entry=ttu&g_ep=EgoyMDI1MTAxMi4wIKXMDSoASAFQAw%3D%3D",
Basavanagudi Bengaluru,"IELTS Coaching or Tuition Institutes in Basavanagudi, Bengaluru",12.9429319,77.550159,"https://www.google.com/maps/place/Basavanagudi,+Bengaluru,+Karnataka/@12.9429319,77.550159,14z/data=!3m1!4b1!4m6!3m5!1s0x3bae1592a738fba9:0xb9024ae0b4e162c7!8m2!3d12.9405997!4d77.5737633!16zL20vMGJmM3Rm?entry=ttu&g_ep=EgoyMDI1MTAxMi4wIKXMDSoASAFQAw%3D%3D",
Benson Town Bengaluru,"IELTS Coaching or Tuition Institutes in Benson Town, Bengaluru",13.0020707,77.593811,"https://www.google.com/maps/place/Benson+Town,+Bengaluru,+Karnataka/@13.0020707,77.593811,15z/data=!3m1!4b1!4m6!3m5!1s0x3bae16591b1828ef:0xb881670fd503b273!8m2!3d13.004681!4d77.5999443!16s%2Fg%2F1tffxyns?entry=ttu&g_ep=EgoyMDI1MTAxMi4wIKXMDSoASAFQAw%3D%3D",
Brigade Road Bengaluru,"IELTS Coaching or Tuition Institutes in Brigade Road, Bengaluru",12.9710429,77.6043283,"https://www.google.com/maps/place/Brigade+Rd,+Ashok+Nagar,+Bengaluru,+Karnataka/@12.9710429,77.6043283,17z/data=!3m1!4b1!4m6!3m5!1s0x3bae15d55cf36715:0x67c9c68d327b80dd!8m2!3d12.9710429!4d77.6069032!16s%2Fm%2F03nsqmb?entry=ttu&g_ep=EgoyMDI1MTAxMi4wIKXMDSoASAFQAw%3D%3D",
Commercial Street Bengaluru,"IELTS Coaching or Tuition Institutes in Commercial Street, Bengaluru",12.982236,77.6057981,"https://www.google.com/maps/place/Commercial+Street,+Tasker+Town,+Shivaji+Nagar,+Bengaluru,+Karnataka/@12.982236,77.6057981,17z/data=!3m1!4b1!4m6!3m5!1s0x3bae1689d24ec16d:0xb95d15d2169a107d!8m2!3d12.982236!4d77.608373!16s%2Fg%2F11bxfz11gp?entry=ttu&g_ep=EgoyMDI1MTAxMi4wIKXMDSoASAFQAw%3D%3D",
Cooke Town Bengaluru,"IELTS Coaching or Tuition Institutes in Cooke Town, Bengaluru",13.0029174,77.6178376,"https://www.google.com/maps/place/Cooke+Town,+Bengaluru,+Karnataka/@13.0029174,77.6178376,16z/data=!3m1!4b1!4m6!3m5!1s0x3bae16e58a1fa19d:0x156309b4fe8a693b!8m2!3d13.0031678!4d77.6228252!16s%2Fg%2F11bwnd0lwq?entry=ttu&g_ep=EgoyMDI1MTAxMi4wIKXMDSoASAFQAw%3D%3D",
Cunningham Road Bengaluru,"IELTS Coaching or Tuition Institutes in Cunningham Road, Bengaluru",12.9875116,77.5920163,"https://www.google.com/maps/place/Cunningham+Rd,+Bengaluru,+Karnataka/@12.9875116,77.5920163,17z/data=!3m1!4b1!4m6!3m5!1s0x3bae166860320efd:0x403c06aad95dd60c!8m2!3d12.9875116!4d77.5945912!16s%2Fm%2F012zct03?entry=ttu&g_ep=EgoyMDI1MTAxMi4wIKXMDSoASAFQAw%3D%3D",
Dollars Colony Bengaluru,"IELTS Coaching or Tuition Institutes in Dollars Colony, Bengaluru",13.0417944,77.5624635,"https://www.google.com/maps/place/Dollars+Colony,+R.M.V.+2nd+Stage,+Bengaluru,+Karnataka/@13.0417944,77.5624635,16z/data=!3m1!4b1!4m6!3m5!1s0x3bae17e18bc3c469:0xbc0025be09b4dcb!8m2!3d13.041526!4d77.5683899!16s%2Fg%2F11f57gt4ll?entry=ttu&g_ep=EgoyMDI1MTAxMi4wIKXMDSoASAFQAw%3D%3D",
Frazer Town Bengaluru,"IELTS Coaching or Tuition Institutes in Frazer Town, Bengaluru",12.9956437,77.6035437,"https://www.google.com/maps/place/Frazer+Town,+Bengaluru,+Karnataka/@12.9956437,77.6035437,15z/data=!3m1!4b1!4m6!3m5!1s0x3bae16f6a9f3803d:0x61735447195754f1!8m2!3d12.9970483!4d77.6144076!16s%2Fm%2F012hrkqj?entry=ttu&g_ep=EgoyMDI1MTAxMi4wIKXMDSoASAFQAw%3D%3D",
HSR Layout Bengaluru,"IELTS Coaching or Tuition Institutes in HSR Layout, Bengaluru",12.9102576,77.625223,"https://www.google.com/maps/place/HSR+Layout,+Bengaluru,+Karnataka/@12.9102576,77.625223,14z/data=!3m1!4b1!4m6!3m5!1s0x3bae1491bfdc6ecd:0xf232718439fbc879!8m2!3d12.9121181!4d77.6445548!16zL20vMDd2ZjQ4?entry=ttu&g_ep=EgoyMDI1MTAxMi4wIKXMDSoASAFQAw%3D%3D",
HSR Layout Sector 1 Bengaluru,"IELTS Coaching or Tuition Institutes in HSR Layout Sector 1, Bengaluru",12.9114542,77.6314889,"https://www.google.com/maps/place/1st+Sector,+HSR+Layout,+Bengaluru,+Karnataka/@12.9114542,77.6314889,14z/data=!3m1!4b1!4m6!3m5!1s0x3bae14869b924657:0xf0bfa61eac569c39!8m2!3d12.9175337!4d77.6504572!16s%2Fg%2F11r9my2tb?entry=ttu&g_ep=EgoyMDI1MTAxMi4wIKXMDSoASAFQAw%3D%3D",
HSR Layout Sector 2 Bengaluru,"IELTS Coaching or Tuition Institutes in HSR Layout Sector 2, Bengaluru",12.9251821,77.614084,"https://www.google.com/maps/place/Madiwala+New+Extension,+HSR+layout+Sector+2,+1st+Stage,+BTM+Layout,+Bengaluru,+Karnataka+560068/@12.9251821,77.614084,17z/data=!3m1!4b1!4m6!3m5!1s0x3bae1457ab61f5d5:0x54347b2515fd2c3d!8m2!3d12.925317!4d77.6166666!16s%2Fg%2F11c1pkm1bw?entry=ttu&g_ep=EgoyMDI1MTAxMi4wIKXMDSoASAFQAw%3D%3D",
HSR Layout Sector 3 Bengaluru,"IELTS Coaching or Tuition Institutes in HSR Layout Sector 3, Bengaluru",12.9084428,77.6360726,"https://www.google.com/maps/place/Sector+3,+HSR+Layout,+Bengaluru,+Karnataka/@12.9084428,77.6360726,16z/data=!3m1!4b1!4m6!3m5!1s0x3bae1490bc51ea37:0x906a83b6e23cf7ad!8m2!3d12.9079567!4d77.640957!16s%2Fg%2F1hjh7z5yy?entry=ttu&g_ep=EgoyMDI1MTAxMi4wIKXMDSoASAFQAw%3D%3D",
HSR Layout Sector 4 Bengaluru,"IELTS Coaching or Tuition Institutes in HSR Layout Sector 4, Bengaluru",12.9149816,77.63616,"https://www.google.com/maps/place/Sector+4,+HSR+Layout,+Bengaluru,+Karnataka+560102/@12.9149816,77.63616,16z/data=!3m1!4b1!4m6!3m5!1s0x3bae14842c9cc53d:0x94e9a097c42c201f!8m2!3d12.9160035!4d77.6426789!16s%2Fg%2F1hjgxxhmv?entry=ttu&g_ep=EgoyMDI1MTAxMi4wIKXMDSoASAFQAw%3D%3D",
HSR Layout Sector 5 Bengaluru,"IELTS Coaching or Tuition Institutes in HSR Layout Sector 5, Bengaluru",12.9171764,77.6351877,"https://www.google.com/maps/place/Sector+5,+1st+Block+Koramangala,+HSR+Layout+5th+Sector,+Bengaluru,+Karnataka/@12.9171764,77.6351877,18z/data=!3m1!4b1!4m6!3m5!1s0x3bae148eaf1184f3:0x3d95a1b511f2679c!8m2!3d12.9173071!4d77.6367879!16s%2Fg%2F1pt_1c9vh?entry=ttu&g_ep=EgoyMDI1MTAxMi4wIKXMDSoASAFQAw%3D%3D",
HSR Layout Sector 6 Bengaluru,"IELTS Coaching or Tuition Institutes in HSR Layout Sector 6, Bengaluru",12.9141095,77.6251546,"https://www.google.com/maps/place/Sector+6,+HSR+Layout,+Bengaluru,+Karnataka/@12.9141095,77.6251546,16z/data=!3m1!4b1!4m6!3m5!1s0x3bae14f2595f3d03:0xe5e8d4041e7b2512!8m2!3d12.9137705!4d77.6292697!16s%2Fg%2F1hjgzmfh_?entry=ttu&g_ep=EgoyMDI1MTAxMi4wIKXMDSoASAFQAw%3D%3D",
HSR Layout Sector 7 Bengaluru,"IELTS Coaching or Tuition Institutes in HSR Layout Sector 7, Bengaluru",12.9060148,77.6317066,"https://www.google.com/maps/place/7th+Sector,+HSR+Layout,+Bengaluru,+Karnataka/@12.9060148,77.6317066,15z/data=!3m1!4b1!4m6!3m5!1s0x3bae1490a7d103c9:0x58fef13fc78b76e8!8m2!3d12.9081016!4d77.6350959!16s%2Fg%2F1hjhdhm5s?entry=ttu&g_ep=EgoyMDI1MTAxMi4wIKXMDSoASAFQAw%3D%3D",
Indira Nagar Bengaluru,"IELTS Coaching or Tuition Institutes in Indira Nagar, Bengaluru",12.9729384,77.6176119,"https://www.google.com/maps/place/Indiranagar,+Bengaluru,+Karnataka/@12.9729384,77.6176119,14z/data=!3m1!4b1!4m6!3m5!1s0x3bae16a418770391:0xb50f46b826501036!8m2!3d12.9783692!4d77.6408356!16zL20vMDZ5M3Zj?entry=ttu&g_ep=EgoyMDI1MTAxMi4wIKXMDSoASAFQAw%3D%3D",
Infantry Road Bengaluru,"IELTS Coaching or Tuition Institutes in Infantry Road, Bengaluru",12.981842,77.5972436,"https://www.google.com/maps/place/Infantry+Rd,+Bengaluru,+Karnataka+560001/@12.981842,77.5972436,17z/data=!3m1!4b1!4m6!3m5!1s0x3bae1663227819f3:0x260f5b47895286!8m2!3d12.981842!4d77.5998185!16s%2Fg%2F11cp71smng?entry=ttu&g_ep=EgoyMDI1MTAxMi4wIKXMDSoASAFQAw%3D%3D",
Jayanagar Bengaluru,"IELTS Coaching or Tuition Institutes in Jayanagar, Bengaluru",12.9292115,77.5665553,"https://www.google.com/maps/place/Jayanagar,+Bengaluru,+Karnataka/@12.9292115,77.5665553,14z/data=!3m1!4b1!4m6!3m5!1s0x3bae15986765d7d9:0xbba2fea7014e5087!8m2!3d12.9308107!4d77.5838577!16zL20vMDRjMzBx?entry=ttu&g_ep=EgoyMDI1MTAxMi4wIKXMDSoASAFQAw%3D%3D",
Koramangala Bengaluru,"IELTS Coaching or Tuition Institutes in Koramangala, Bengaluru",12.9354559,77.6115927,"https://www.google.com/maps/place/Koramangala,+Bengaluru,+Karnataka/@12.9354559,77.6115927,14z/data=!3m1!4b1!4m6!3m5!1s0x3bae144ed898fc2d:0x1681f38e8c00ae56!8m2!3d12.9352403!4d77.624532!16zL20vMDZibTR6?entry=ttu&g_ep=EgoyMDI1MTAxMi4wIKXMDSoASAFQAw%3D%3D",
Langford Road Bengaluru,"IELTS Coaching or Tuition Institutes in Langford Road, Bengaluru",12.9606996,77.598229,"https://www.google.com/maps/place/Langford+Rd,+Bengaluru,+Karnataka/@12.9606996,77.598229,17z/data=!3m1!4b1!4m6!3m5!1s0x3bae15d1151a855f:0xb68eabf3c66dddb9!8m2!3d12.9606996!4d77.6008039!16s%2Fg%2F1hjgz3dk0?entry=ttu&g_ep=EgoyMDI1MTAxMi4wIKXMDSoASAFQAw%3D%3D",
Langford Town Bengaluru,"IELTS Coaching or Tuition Institutes in Langford Town, Bengaluru",12.9574435,77.5999916,"https://www.google.com/maps/place/Langford+Town,+Shanti+Nagar,+Bengaluru,+Karnataka/@12.9574435,77.5999916,17z/data=!3m1!4b1!4m6!3m5!1s0x3bae15d214636233:0x6e2b96c60339484!8m2!3d12.9569911!4d77.6027732!16s%2Fg%2F1tfqpd09?entry=ttu&g_ep=EgoyMDI1MTAxMi4wIKXMDSoASAFQAw%3D%3D",
Lavelle Road Bengaluru,"IELTS Coaching or Tuition Institutes in Lavelle Road, Bengaluru",12.9712031,77.5952933,"https://www.google.com/maps/place/Lavelle+Road,+Bengaluru,+Karnataka/@12.9712031,77.5952933,17z/data=!3m1!4b1!4m6!3m5!1s0x3bae1679b09041a5:0x413706ed450cc2e1!8m2!3d12.9712031!4d77.5978682!16s%2Fg%2F1tgmtq74?entry=ttu&g_ep=EgoyMDI1MTAxMi4wIKXMDSoASAFQAw%3D%3D",
Malleshwaram Bengaluru,"IELTS Coaching or Tuition Institutes in Malleshwaram, Bengaluru",13.0076964,77.5467177,"https://www.google.com/maps/place/Malleshwaram,+Bengaluru,+Karnataka/@13.0076964,77.5467177,14z/data=!3m1!4b1!4m6!3m5!1s0x3bae3d7fff79cfc3:0xdfbaac7a46a4a5be!8m2!3d13.0055113!4d77.5692358!16zL20vMGZxdG10?entry=ttu&g_ep=EgoyMDI1MTAxMi4wIKXMDSoASAFQAw%3D%3D",
MG Road Bengaluru,"IELTS Coaching or Tuition Institutes in MG Road, Bengaluru",12.9746905,77.6068864,"https://www.google.com/maps/place/Mahatma+Gandhi+Rd,+Bengaluru,+Karnataka/@12.9746905,77.6068864,17z/data=!3m1!4b1!4m6!3m5!1s0x3bae1687393dbc13:0x8b70c8e652b73d9e!8m2!3d12.9746905!4d77.6094613!16zL20vMGIzMDAz?entry=ttu&g_ep=EgoyMDI1MTAxMi4wIKXMDSoASAFQAw%3D%3D",
Palace Road Bengaluru,"IELTS Coaching or Tuition Institutes in Palace Road, Bengaluru",12.9847384,77.5855468,"https://www.google.com/maps/place/Palace+Rd,+Bengaluru,+Karnataka/@12.9847384,77.5855468,17z/data=!3m1!4b1!4m6!3m5!1s0x3bae160d1b52f495:0x3849d08b1193a39d!8m2!3d12.9847384!4d77.5881217!16s%2Fg%2F1tftz_30?entry=ttu&g_ep=EgoyMDI1MTAxMi4wIKXMDSoASAFQAw%3D%3D",
Race Course Road Bengaluru,"IELTS Coaching or Tuition Institutes in Race Course Road, Bengaluru",12.983932,77.5791108,"https://www.google.com/maps/place/Race+Course+Rd,+Bengaluru,+Karnataka/@12.983932,77.5791108,17z/data=!3m1!4b1!4m6!3m5!1s0x3bae1613725144d7:0xf3a1c9ec57cabdcb!8m2!3d12.983932!4d77.5816857!16s%2Fg%2F1hc5d4yst?entry=ttu&g_ep=EgoyMDI1MTAxMi4wIKXMDSoASAFQAw%3D%3D",
Residency Road Bengaluru,"IELTS Coaching or Tuition Institutes in Residency Road, Bengaluru",12.9712739,77.6039221,"https://www.google.com/maps/search/Residency+Road+Bengaluru/@12.9712739,77.6039221,17z/data=!3m1!4b1?entry=ttu&g_ep=EgoyMDI1MTAxMi4wIKXMDSoASAFQAw%3D%3D",
Richmond Road Bengaluru,"IELTS Coaching or Tuition Institutes in Richmond Road, Bengaluru",12.9665998,77.6058197,"https://www.google.com/maps/place/Richmond+Rd,+Bengaluru,+Karnataka/@12.9665998,77.6058197,17z/data=!3m1!4b1!4m6!3m5!1s0x3bae15d56d8b0c4b:0xaac42281bb7016bc!8m2!3d12.9665998!4d77.6083946!16s%2Fg%2F1tgf1nl4?entry=ttu&g_ep=EgoyMDI1MTAxMi4wIKXMDSoASAFQAw%3D%3D",
Richmond Town Bengaluru,"IELTS Coaching or Tuition Institutes in Richmond Town, Bengaluru",12.9621204,77.5987091,"https://www.google.com/maps/place/Richmond+Town,+Bengaluru,+Karnataka+560025/@12.9621204,77.5987091,16z/data=!3m1!4b1!4m6!3m5!1s0x3bae15d663beafd3:0x19d0e7140272dd83!8m2!3d12.9633823!4d77.6034894!16s%2Fg%2F11dxdz04vs?entry=ttu&g_ep=EgoyMDI1MTAxMi4wIKXMDSoASAFQAw%3D%3D",
Sadashiva Nagar Bengaluru,"IELTS Coaching or Tuition Institutes in Sadashiva Nagar, Bengaluru",13.0066153,77.5747791,"https://www.google.com/maps/place/Sadashiva+Nagar,+Armane+Nagar,+Bengaluru,+Karnataka/@13.0066153,77.5747791,16z/data=!3m1!4b1!4m6!3m5!1s0x3bae16337dd99e89:0x6c9a0bda21227398!8m2!3d13.0068182!4d77.5812849!16zL20vMDlrcnZs?entry=ttu&g_ep=EgoyMDI1MTAxMi4wIKXMDSoASAFQAw%3D%3D",
Sankey Road Bengaluru,"IELTS Coaching or Tuition Institutes in Sankey Road, Bengaluru",12.9997173,77.5815898,"https://www.google.com/maps/place/Sankey+Rd,+Bengaluru,+Karnataka/@12.9997173,77.5815898,17z/data=!3m1!4b1!4m6!3m5!1s0x3bae1641cf99662d:0xa7ec222ef43b477c!8m2!3d12.9997173!4d77.5841647!16s%2Fg%2F1hc0ybb0q?entry=ttu&g_ep=EgoyMDI1MTAxMi4wIKXMDSoASAFQAw%3D%3D",
St. Johns Road Bengaluru,"IELTS Coaching or Tuition Institutes in St. Johns Road, Bengaluru",12.9845626,77.6118383,"https://www.google.com/maps/place/St+Johns+Rd,+Bengaluru,+Karnataka+560042/@12.9845626,77.6118383,17z/data=!3m1!4b1!4m6!3m5!1s0x3bae168ea5eb8845:0xdc1c2a8c316116b7!8m2!3d12.9845626!4d77.6144132!16s%2Fg%2F1hc15g0k1?entry=ttu&g_ep=EgoyMDI1MTAxMi4wIKXMDSoASAFQAw%3D%3D",
Ulsoor Bengaluru,"IELTS Coaching or Tuition Institutes in Ulsoor, Bengaluru",12.9788742,77.6137645,"https://www.google.com/maps/place/Halasuru,+Bengaluru,+Karnataka/@12.9788742,77.6137645,15z/data=!3m1!4b1!4m6!3m5!1s0x3bae168fda846509:0xa526e1f68a500b94!8m2!3d12.9817001!4d77.6284152!16zL20vMGJ6bDNn?entry=ttu&g_ep=EgoyMDI1MTAxMi4wIKXMDSoASAFQAw%3D%3D",
Vasanth Nagar Bengaluru,"IELTS Coaching or Tuition Institutes in Vasanth Nagar, Bengaluru",12.9885362,77.5821782,"https://www.google.com/maps/place/Vasanth+Nagar,+Bengaluru,+Karnataka/@12.9885362,77.5821782,15z/data=!3m1!4b1!4m6!3m5!1s0x3bae16683942109f:0xd72158c1972d22b0!8m2!3d12.9896194!4d77.5927948!16s%2Fg%2F1tf63y2c?entry=ttu&g_ep=EgoyMDI1MTAxMi4wIKXMDSoASAFQAw%3D%3D",
Vittal Mallya Road Bengaluru,"IELTS Coaching or Tuition Institutes in Vittal Mallya Road, Bengaluru",12.9712135,77.5951183,"https://www.google.com/maps/place/Vittal+Mallya+Rd,+Ashok+Nagar,+Bengaluru,+Karnataka/@12.9712135,77.5951183,17z/data=!3m1!4b1!4m6!3m5!1s0x3bae1679c3e342bd:0x49a8c1bc363c08cb!8m2!3d12.9712135!4d77.5976932!16s%2Fg%2F1hc7rpyf2?entry=ttu&g_ep=EgoyMDI1MTAxMi4wIKXMDSoASAFQAw%3D%3D",
Whitefield Bengaluru,"IELTS Coaching or Tuition Institutes in Whitefield, Bengaluru",12.9645667,77.715933,"https://www.google.com/maps/place/Whitefield,+Bengaluru,+Karnataka/@12.9645667,77.715933,14z/data=!3m1!4b1!4m6!3m5!1s0x3bae11f35d0dfc83:0x30cfa512d80115f9!8m2!3d12.9698196!4d77.7499721!16zL20vMDJfcmM4?entry=ttu&g_ep=EgoyMDI1MTAxMi4wIKXMDSoASAFQAw%3D%3D",
Sector-10 Chandigarh,"IELTS Coaching or Tuition Institutes in Sector-10, Chandigarh",30.7532955,76.7787827,"https://www.google.com/maps/place/Sector+10,+Chandigarh/@30.7532955,76.7787827,15z/data=!3m1!4b1!4m6!3m5!1s0x390fed70f32883a7:0x10113767e07bcde4!8m2!3d30.7528622!4d76.7884442!16s%2Fg%2F1jkx_ynwc?entry=ttu&g_ep=EgoyMDI1MTAxMi4wIKXMDSoASAFQAw%3D%3D",
Sector-11 Chandigarh,"IELTS Coaching or Tuition Institutes in Sector-11, Chandigarh",30.7588155,76.7738056,"https://www.google.com/maps/place/Sector+11,+Chandigarh,+160011/@30.7588155,76.7738056,15z/data=!3m1!4b1!4m6!3m5!1s0x390fed7939f152ef:0x1ef1c414ce198a93!8m2!3d30.7583236!4d76.7841443!16s%2Fg%2F1vl9pws0?entry=ttu&g_ep=EgoyMDI1MTAxMi4wIKXMDSoASAFQAw%3D%3D",
Sector-15 Chandigarh,"IELTS Coaching or Tuition Institutes in Sector-15, Chandigarh",30.7523131,76.7624452,"https://www.google.com/maps/place/Sector+15,+Chandigarh,+160015/@30.7523131,76.7624452,15z/data=!3m1!4b1!4m6!3m5!1s0x390fed9b36fc4009:0xbdc126abf04f6999!8m2!3d30.7514904!4d76.7737117!16s%2Fg%2F1tcy78cl?entry=ttu&g_ep=EgoyMDI1MTAxMi4wIKXMDSoASAFQAw%3D%3D",
Sector-16 Chandigarh,"IELTS Coaching or Tuition Institutes in Sector-16, Chandigarh",30.7463071,76.7670533,"https://www.google.com/maps/place/Sector+16,+Chandigarh,+160015/@30.7463071,76.7670533,15z/data=!3m1!4b1!4m6!3m5!1s0x390fed9e60a99011:0xba356ffec06c67fd!8m2!3d30.7455929!4d76.7777263!16s%2Fg%2F1tk6nqfv?entry=ttu&g_ep=EgoyMDI1MTAxMi4wIKXMDSoASAFQAw%3D%3D",
Sector-5 Chandigarh,"IELTS Coaching or Tuition Institutes in Sector-5, Chandigarh",30.7456399,76.8014487,"https://www.google.com/maps/place/Sector+5,+Chandigarh/@30.7456399,76.8014487,16z/data=!3m1!4b1!4m6!3m5!1s0x390fed4085216e69:0x4308e8ad0c836a0d!8m2!3d30.7458145!4d76.8064986!16s%2Fg%2F1tfh30vz?entry=ttu&g_ep=EgoyMDI1MTAxMi4wIKXMDSoASAFQAw%3D%3D",
Sector-8 Chandigarh,"IELTS Coaching or Tuition Institutes in Sector-8, Chandigarh",30.7412227,76.7885437,"https://www.google.com/maps/place/Sector+8,+Chandigarh,+160009/@30.7412227,76.7885437,15z/data=!3m1!4b1!4m6!3m5!1s0x390fed145c38456b:0x8c3f3d45614a313c!8m2!3d30.7415787!4d76.8000145!16s%2Fg%2F1vm78vhw?entry=ttu&g_ep=EgoyMDI1MTAxMi4wIKXMDSoASAFQAw%3D%3D",
Sector-9 Chandigarh,"IELTS Coaching or Tuition Institutes in Sector-9, Chandigarh",30.7470091,76.7838463,"https://www.google.com/maps/place/Sector+9,+Chandigarh,+160009/@30.7470091,76.7838463,15z/data=!3m1!4b1!4m6!3m5!1s0x390fed6dab2631e9:0xabf13b18eb01fa04!8m2!3d30.746665!4d76.7942484!16s%2Fg%2F1tdc85cq?entry=ttu&g_ep=EgoyMDI1MTAxMi4wIKXMDSoASAFQAw%3D%3D",
Asian Games Village Complex Delhi,"TOEFL Coaching or Tuition Institutes in Asian Games Village Complex, Delhi",28.5480609,77.2123381,"https://www.google.com/maps/place/Asian+Games+Village+Complex,+Siri+Fort,+New+Delhi,+Delhi/@28.5480609,77.2123381,16z/data=!3m1!4b1!4m6!3m5!1s0x390ce214f83899a7:0xcf7e6b24e6105b47!8m2!3d28.5475166!4d77.2189594!16s%2Fm%2F0c41tms?entry=ttu&g_ep=EgoyMDI1MTAxMi4wIKXMDSoASAFQAw%3D%3D",
Barakhamba Road Delhi,"TOEFL Coaching or Tuition Institutes in Barakhamba Road, Delhi",28.6286466,77.2242504,"https://www.google.com/maps/place/Barakhamba+Rd,+New+Delhi,+Delhi+110001/@28.6286466,77.2242504,17z/data=!3m1!4b1!4m6!3m5!1s0x390cfd3247bde12b:0xb0c16dc7587bbe82!8m2!3d28.6286466!4d77.2268253!16s%2Fg%2F1pxw7jsxh?entry=ttu&g_ep=EgoyMDI1MTAxMi4wIKXMDSoASAFQAw%3D%3D",
Bhagwan Das Road Delhi,"TOEFL Coaching or Tuition Institutes in Bhagwan Das Road, Delhi",28.6220345,77.2331134,"https://www.google.com/maps/place/Bhagwan+Das+Rd,+New+Delhi,+Delhi+110001/@28.6220345,77.2331134,17z/data=!3m1!4b1!4m6!3m5!1s0x390ce2d4f494ceb3:0x27aab4ac9a87d04d!8m2!3d28.6220345!4d77.2356883!16s%2Fg%2F1hc4ctsly?entry=ttu&g_ep=EgoyMDI1MTAxMi4wIKXMDSoASAFQAw%3D%3D",
Bhikaji Cama Place Delhi,"TOEFL Coaching or Tuition Institutes in Bhikaji Cama Place, Delhi",28.5686275,77.1842395,"https://www.google.com/maps/place/Bhikaji+Cama+Place,+Rama+Krishna+Puram,+New+Delhi,+Delhi+110066/@28.5686275,77.1842395,17z/data=!3m1!4b1!4m6!3m5!1s0x390d1d846557f081:0x37d23a4f15609462!8m2!3d28.567924!4d77.1880786!16s%2Fg%2F1tk6t92x?entry=ttu&g_ep=EgoyMDI1MTAxMi4wIKXMDSoASAFQAw%3D%3D",
C R Park Delhi,"TOEFL Coaching or Tuition Institutes in C R Park, Delhi",28.5387663,77.2388973,"https://www.google.com/maps/place/Chittaranjan+Park,+New+Delhi,+Delhi/@28.5387663,77.2388973,15z/data=!3m1!4b1!4m6!3m5!1s0x390ce3d71cc40de1:0x16dc2bc228680b16!8m2!3d28.5397842!4d77.2489726!16zL20vMGRueDdt?entry=ttu&g_ep=EgoyMDI1MTAxMi4wIKXMDSoASAFQAw%3D%3D",
Chanakyapuri Delhi,"TOEFL Coaching or Tuition Institutes in Chanakyapuri, Delhi",28.5953724,77.1638949,"https://www.google.com/maps/place/Chanakyapuri,+New+Delhi,+Delhi/@28.5953724,77.1638949,14z/data=!3m1!4b1!4m6!3m5!1s0x390d1d67c1f605a1:0x13e8087574a9f6ad!8m2!3d28.5972383!4d77.1904041!16zL20vMDUzMWxo?entry=ttu&g_ep=EgoyMDI1MTAxMi4wIKXMDSoASAFQAw%3D%3D",
Chirag Delhi Delhi,"TOEFL Coaching or Tuition Institutes in Chirag Delhi, Delhi",28.5388873,77.2230551,"https://www.google.com/maps/place/Chirag+Dilli,+New+Delhi,+Delhi+110017/@28.5388873,77.2230551,16z/data=!3m1!4b1!4m6!3m5!1s0x390ce22609acebbb:0x75f82bb7565f5a57!8m2!3d28.5376318!4d77.2282863!16s%2Fg%2F1hc31ptzs?entry=ttu&g_ep=EgoyMDI1MTAxMi4wIKXMDSoASAFQAw%3D%3D",
Chittaranjan Park Delhi,"TOEFL Coaching or Tuition Institutes in Chittaranjan Park, Delhi",28.5387663,77.2388973,"https://www.google.com/maps/place/Chittaranjan+Park,+New+Delhi,+Delhi/@28.5387663,77.2388973,15z/data=!3m1!4b1!4m6!3m5!1s0x390ce3d71cc40de1:0x16dc2bc228680b16!8m2!3d28.5397842!4d77.2489726!16zL20vMGRueDdt?entry=ttu&g_ep=EgoyMDI1MTAxMi4wIKXMDSoASAFQAw%3D%3D",
Civil Lines Delhi,"TOEFL Coaching or Tuition Institutes in Civil Lines, Delhi",28.6817004,77.2009598,"https://www.google.com/maps/place/Civil+Lines,+Delhi/@28.6817004,77.2009598,14z/data=!3m1!4b1!4m6!3m5!1s0x390cfda499b4d9a3:0xf28e0f90d1300396!8m2!3d28.6814284!4d77.2226866!16s%2Fm%2F027dv86?entry=ttu&g_ep=EgoyMDI1MTAxMi4wIKXMDSoASAFQAw%3D%3D",
Connaught Place Delhi,"TOEFL Coaching or Tuition Institutes in Connaught Place, Delhi",28.6289016,77.2049872,"https://www.google.com/maps/place/Connaught+Place,+New+Delhi,+Delhi+110001/@28.6289016,77.2049872,15z/data=!3m1!4b1!4m6!3m5!1s0x390cfd37b741d057:0xcdee88e47393c3f1!8m2!3d28.6304203!4d77.2177216!16zL20vMDR4eDB4?entry=ttu&g_ep=EgoyMDI1MTAxMi4wIKXMDSoASAFQAw%3D%3D",
Defence Colony Delhi,"TOEFL Coaching or Tuition Institutes in Defence Colony, Delhi",28.5722578,77.2216718,"https://www.google.com/maps/place/Defence+Colony,+New+Delhi,+Delhi/@28.5722578,77.2216718,15z/data=!3m1!4b1!4m6!3m5!1s0x390ce251285f2643:0xc4199f6dedf483c6!8m2!3d28.5733536!4d77.2326497!16zL20vMGR0OWhf?entry=ttu&g_ep=EgoyMDI1MTAxMi4wIKXMDSoASAFQAw%3D%3D",
Delhi Cantoment Delhi,"TOEFL Coaching or Tuition Institutes in Delhi Cantoment, Delhi",28.5974743,77.0818545,"https://www.google.com/maps/place/Delhi+Cantonment,+New+Delhi,+Delhi/@28.5974743,77.0818545,13z/data=!3m1!4b1!4m6!3m5!1s0x390d1cea3e56dd05:0xb4616dffb2450129!8m2!3d28.5967567!4d77.1315869!16zL20vMDc2MWps?entry=ttu&g_ep=EgoyMDI1MTAxMi4wIKXMDSoASAFQAw%3D%3D",
East Of Kailash Delhi,"TOEFL Coaching or Tuition Institutes in East Of Kailash, Delhi",28.5573185,77.2405669,"https://www.google.com/maps/place/East+of+Kailash,+New+Delhi,+Delhi/@28.5573185,77.2405669,15z/data=!3m1!4b1!4m6!3m5!1s0x390ce3c818e6779b:0x8a95c032de5920d1!8m2!3d28.5583464!4d77.2530829!16s%2Fg%2F121pw5k1?entry=ttu&g_ep=EgoyMDI1MTAxMi4wIKXMDSoASAFQAw%3D%3D",
Gol Market Delhi,"TOEFL Coaching or Tuition Institutes in Gol Market, Delhi",28.6349601,77.1939607,"https://www.google.com/maps/place/Gole+Market,+New+Delhi,+Delhi+110001/@28.6349601,77.1939607,15z/data=!3m1!4b1!4m6!3m5!1s0x390cfd5a94a5aa29:0xd42251c7966e83f5!8m2!3d28.633868!4d77.2053132!16zL20vMDhwY2R2?entry=ttu&g_ep=EgoyMDI1MTAxMi4wIKXMDSoASAFQAw%3D%3D",
Golf Links Delhi,"TOEFL Coaching or Tuition Institutes in Golf Links, Delhi",28.5981977,77.2263378,"https://www.google.com/maps/place/Golf+Links,+New+Delhi,+Delhi/@28.5981977,77.2263378,15z/data=!3m1!4b1!4m6!3m5!1s0x390ce2e66a6456b1:0x9d0c2ff400dcb471!8m2!3d28.5973381!4d77.2322727!16s%2Fm%2F03cc_51?entry=ttu&g_ep=EgoyMDI1MTAxMi4wIKXMDSoASAFQAw%3D%3D",
Greater Kailash I Delhi,"TOEFL Coaching or Tuition Institutes in Greater Kailash I, Delhi",28.5532713,77.2278239,"https://www.google.com/maps/place/Greater+Kailash+I,+New+Delhi,+Delhi/@28.5532713,77.2278239,15z/data=!3m1!4b1!4m6!3m5!1s0x390ce24815d478d3:0x553372f5692d2785!8m2!3d28.5555328!4d77.233732!16s%2Fg%2F12qfy7gqw?entry=ttu&g_ep=EgoyMDI1MTAxMi4wIKXMDSoASAFQAw%3D%3D",
Greater Kailash II Delhi,"TOEFL Coaching or Tuition Institutes in Greater Kailash II, Delhi",28.5347242,77.2315283,"https://www.google.com/maps/place/Greater+Kailash+II,+Greater+Kailash,+New+Delhi,+Delhi/@28.5347242,77.2315283,15z/data=!3m1!4b1!4m6!3m5!1s0x390ce17e015aaf7b:0xa211f1cae059d8bc!8m2!3d28.53536!4d77.2419522!16s%2Fg%2F1261ydgwx?entry=ttu&g_ep=EgoyMDI1MTAxMi4wIKXMDSoASAFQAw%3D%3D",
Greater Kailash III Delhi,"TOEFL Coaching or Tuition Institutes in Greater Kailash III, Delhi",28.5374655,77.2319526,"https://www.google.com/maps/place/Greater+Kailash+Part+3,+Greater+Kailash,+New+Delhi,+Delhi+110048/@28.5374655,77.2319526,16z/data=!3m1!4b1!4m6!3m5!1s0x390ce22ba3762aa9:0xa4efa5541ae9ed44!8m2!3d28.5373581!4d77.2365637!16s%2Fg%2F12hnbwrfl?entry=ttu&g_ep=EgoyMDI1MTAxMi4wIKXMDSoASAFQAw%3D%3D",
Green Park Delhi,"TOEFL Coaching or Tuition Institutes in Green Park, Delhi",28.5576739,77.1986732,"https://www.google.com/maps/place/Green+Park,+New+Delhi,+Delhi+110016/@28.5576739,77.1986732,16z/data=!3m1!4b1!4m6!3m5!1s0x390ce2718a1bb9d7:0xfd9760b4153efbec!8m2!3d28.5584489!4d77.2029376!16s%2Fm%2F06zrxgk?entry=ttu&g_ep=EgoyMDI1MTAxMi4wIKXMDSoASAFQAw%3D%3D",
Green Park Extension Delhi,"TOEFL Coaching or Tuition Institutes in Green Park Extension, Delhi",28.5576739,77.1987262,"https://www.google.com/maps/place/Green+Park+Extension,+Green+Park,+New+Delhi,+Delhi+110016/@28.5576739,77.1987262,16z/data=!3m1!4b1!4m6!3m5!1s0x390ce270432ba8b9:0xdc3895d22e6c3684!8m2!3d28.5597033!4d77.203868!16s%2Fg%2F1hg4scsv0?entry=ttu&g_ep=EgoyMDI1MTAxMi4wIKXMDSoASAFQAw%3D%3D",
Gulmohar Park Delhi,"TOEFL Coaching or Tuition Institutes in Gulmohar Park, Delhi",28.5575086,77.2074357,"https://www.google.com/maps/place/Gulmohar+Park,+New+Delhi,+Delhi+110049/@28.5575086,77.2074357,16z/data=!3m1!4b1!4m6!3m5!1s0x390ce26b9e4b6b03:0xa250e95f2101e485!8m2!3d28.5572098!4d77.2127891!16s%2Fm%2F07kf075?entry=ttu&g_ep=EgoyMDI1MTAxMi4wIKXMDSoASAFQAw%3D%3D",
Hauz Khas Delhi,"TOEFL Coaching or Tuition Institutes in Hauz Khas, Delhi",28.5501021,77.1866867,"https://www.google.com/maps/place/Hauz+Khas,+New+Delhi,+Delhi+110016/@28.5501021,77.1866867,15z/data=!3m1!4b1!4m6!3m5!1s0x390ce2127da1cf23:0xd89ebc21c669134d!8m2!3d28.5478897!4d77.2031247!16s%2Fm%2F0hnf2yt?entry=ttu&g_ep=EgoyMDI1MTAxMi4wIKXMDSoASAFQAw%3D%3D",
Hauz Khas Enclave Delhi,"TOEFL Coaching or Tuition Institutes in Hauz Khas Enclave, Delhi",28.547461,77.1947791,"https://www.google.com/maps/place/Hauz+Khas+Enclave,+Hauz+Khas,+New+Delhi,+Delhi+110016/@28.547461,77.1947791,16z/data=!3m1!4b1!4m6!3m5!1s0x390ce20c3fe544a7:0x270d58b46fa704f5!8m2!3d28.5479558!4d77.2009932!16s%2Fg%2F1wk7p7f5?entry=ttu&g_ep=EgoyMDI1MTAxMi4wIKXMDSoASAFQAw%3D%3D",
Indraprastha Estate Delhi,"TOEFL Coaching or Tuition Institutes in Indraprastha Estate, Delhi",28.6206981,77.2376836,"https://www.google.com/maps/place/IP+Estate,+New+Delhi,+Delhi+110002/@28.6206981,77.2376836,15z/data=!3m1!4b1!4m6!3m5!1s0x390ce32b386be523:0x23e153dff2ed9f0e!8m2!3d28.6248419!4d77.2471296!16s%2Fg%2F12hl2dqbx?entry=ttu&g_ep=EgoyMDI1MTAxMi4wIKXMDSoASAFQAw%3D%3D",
Jangpura Delhi,"TOEFL Coaching or Tuition Institutes in Jangpura, Delhi",28.5825869,77.2383818,"https://www.google.com/maps/place/Jangpura,+Samman+Bazar,+Bhogal,+New+Delhi,+Delhi+110014/@28.5825869,77.2383818,15z/data=!3m1!4b1!4m6!3m5!1s0x390ce30068f8e6db:0x8ce8006293d2e41a!8m2!3d28.5825877!4d77.2486816!16s%2Fm%2F0ztg2n9?entry=ttu&g_ep=EgoyMDI1MTAxMi4wIKXMDSoASAFQAw%3D%3D",
Jor Bagh Delhi,"TOEFL Coaching or Tuition Institutes in Jor Bagh, Delhi",28.587937,77.2136361,"https://www.google.com/maps/place/Jor+Bagh,+New+Delhi,+Delhi+110003/@28.587937,77.2136361,17z/data=!3m1!4b1!4m6!3m5!1s0x390ce28cd9193a55:0xcd528545aa66eeb5!8m2!3d28.5877575!4d77.215312!16s%2Fg%2F1v76y042?entry=ttu&g_ep=EgoyMDI1MTAxMi4wIKXMDSoASAFQAw%3D%3D",
Kailash Colony Delhi,"TOEFL Coaching or Tuition Institutes in Kailash Colony, Delhi",28.5535779,77.2357546,"https://www.google.com/maps/place/Kailash+Colony,+Greater+Kailash,+New+Delhi,+Delhi/@28.5535779,77.2357546,16z/data=!3m1!4b1!4m6!3m5!1s0x390ce3cb15c477f3:0x7a1992bd83e4680d!8m2!3d28.5534601!4d77.2425807!16s%2Fm%2F03hg2s3?entry=ttu&g_ep=EgoyMDI1MTAxMi4wIKXMDSoASAFQAw%3D%3D",
Khan Market Delhi,"TOEFL Coaching or Tuition Institutes in Khan Market, Delhi",28.6005073,77.224965,"https://www.google.com/maps/search/Khan+Market+Delhi/@28.6005073,77.224965,18z/data=!3m1!4b1?entry=ttu&g_ep=EgoyMDI1MTAxMi4wIKXMDSoASAFQAw%3D%3D",
Kidwai Nagar Delhi,"TOEFL Coaching or Tuition Institutes in Kidwai Nagar, Delhi",28.5721239,77.2063186,"https://www.google.com/maps/place/Kidwai+Nagar,+New+Delhi,+Delhi/@28.5721239,77.2063186,16z/data=!3m1!4b1!4m6!3m5!1s0x390ce263e39a83cf:0x4dac1ff546d19255!8m2!3d28.5718613!4d77.2110547!16s%2Fg%2F12hl9r2cj?entry=ttu&g_ep=EgoyMDI1MTAxMi4wIKXMDSoASAFQAw%3D%3D",
Lajpat Nagar Delhi,"TOEFL Coaching or Tuition Institutes in Lajpat Nagar, Delhi",28.5688416,77.2329059,"https://www.google.com/maps/place/Lajpat+Nagar,+New+Delhi,+Delhi/@28.5688416,77.2329059,15z/data=!3m1!4b1!4m6!3m5!1s0x390ce3ad801d293d:0x7f730966747ee8fc!8m2!3d28.5649034!4d77.2403317!16zL20vMDZyanJr?entry=ttu&g_ep=EgoyMDI1MTAxMi4wIKXMDSoASAFQAw%3D%3D",
Lodi Colony Delhi,"TOEFL Coaching or Tuition Institutes in Lodi Colony, Delhi",28.5850639,77.2136758,"https://www.google.com/maps/place/Lodi+Colony,+New+Delhi,+Delhi+110003/@28.5850639,77.2136758,15z/data=!3m1!4b1!4m6!3m5!1s0x390ce2f3f1244d21:0x79f8465dd8eddca0!8m2!3d28.5862855!4d77.2242371!16s%2Fm%2F02qr7q_?entry=ttu&g_ep=EgoyMDI1MTAxMi4wIKXMDSoASAFQAw%3D%3D",
Maharani Bagh Delhi,"TOEFL Coaching or Tuition Institutes in Maharani Bagh, Delhi",28.5732361,77.2574237,"https://www.google.com/maps/place/Maharani+Bagh,+New+Friends+Colony,+New+Delhi,+Delhi/@28.5732361,77.2574237,16z/data=!3m1!4b1!4m6!3m5!1s0x390ce3908223f645:0x55db8572191ea6a3!8m2!3d28.5714978!4d77.2640259!16s%2Fg%2F11g18_fntf?entry=ttu&g_ep=EgoyMDI1MTAxMi4wIKXMDSoASAFQAw%3D%3D",
Malviya Nagar Delhi,"TOEFL Coaching or Tuition Institutes in Malviya Nagar, Delhi",28.5348301,77.1994299,"https://www.google.com/maps/place/Malviya+Nagar,+New+Delhi,+Delhi+110017/@28.5348301,77.1994299,15z/data=!3m1!4b1!4m6!3m5!1s0x390ce21e7d306d03:0x94b8ccb323d7648!8m2!3d28.5342332!4d77.2094473!16s%2Fm%2F02x38gv?entry=ttu&g_ep=EgoyMDI1MTAxMi4wIKXMDSoASAFQAw%3D%3D",
Model Town Delhi,"TOEFL Coaching or Tuition Institutes in Model Town, Delhi",28.7174297,77.1723432,"https://www.google.com/maps/place/Model+Town,+Delhi/@28.7174297,77.1723432,14z/data=!3m1!4b1!4m6!3m5!1s0x390d02016e5f62ff:0x71244dc439c46e57!8m2!3d28.7095346!4d77.1887698!16s%2Fm%2F0zmx6gs?entry=ttu&g_ep=EgoyMDI1MTAxMi4wIKXMDSoASAFQAw%3D%3D",
Moti Bagh Delhi,"TOEFL Coaching or Tuition Institutes in Moti Bagh, Delhi",28.5813171,77.1621503,"https://www.google.com/maps/place/Moti+Bagh,+New+Delhi,+Delhi+110021/@28.5813171,77.1621503,15z/data=!3m1!4b1!4m6!3m5!1s0x390d1d0cd476642b:0x2be8921eb41b5841!8m2!3d28.5834189!4d77.168146!16s%2Fg%2F11bc653trm?entry=ttu&g_ep=EgoyMDI1MTAxMi4wIKXMDSoASAFQAw%3D%3D",
Neeti Bagh Delhi,"TOEFL Coaching or Tuition Institutes in Neeti Bagh, Delhi",28.559273,77.213644,"https://www.google.com/maps/place/Neeti+Bagh,+New+Delhi,+Delhi+110049/@28.559273,77.213644,17z/data=!3m1!4b1!4m6!3m5!1s0x390ce26a17c97447:0x2933bfed2d404d7b!8m2!3d28.5595022!4d77.2168036!16s%2Fg%2F1w344_hr?entry=ttu&g_ep=EgoyMDI1MTAxMi4wIKXMDSoASAFQAw%3D%3D",
New Friends Colony Delhi,"TOEFL Coaching or Tuition Institutes in New Friends Colony, Delhi",28.5750829,77.2594838,"https://www.google.com/maps/place/New+Friends+Colony,+New+Delhi,+Delhi/@28.5750829,77.2594838,14z/data=!3m1!4b1!4m6!3m5!1s0x390ce391b053aeef:0x3c66da6bc8fccdde!8m2!3d28.5674621!4d77.2691326!16zL20vMDk0cjRu?entry=ttu&g_ep=EgoyMDI1MTAxMi4wIKXMDSoASAFQAw%3D%3D",
Panchsheel Enclave Delhi,"TOEFL Coaching or Tuition Institutes in Panchsheel Enclave, Delhi",28.5451925,77.2241782,"https://www.google.com/maps/place/Panchsheel+Enclave,+New+Delhi,+Delhi+110017/@28.5451925,77.2241782,16z/data=!3m1!4b1!4m6!3m5!1s0x390ce230027ea8db:0xb193f4460c33c832!8m2!3d28.54482!4d77.2283008!16s%2Fg%2F12hq9rg86?entry=ttu&g_ep=EgoyMDI1MTAxMi4wIKXMDSoASAFQAw%3D%3D",
Panchsheel Park Delhi,"TOEFL Coaching or Tuition Institutes in Panchsheel Park, Delhi",28.5435869,77.2092772,"https://www.google.com/maps/place/Panchsheel+Park,+New+Delhi,+Delhi+110017/@28.5435869,77.2092772,16z/data=!3m1!4b1!4m6!3m5!1s0x390ce2177772b113:0xe0b92f108d24abf1!8m2!3d28.5415056!4d77.216085!16s%2Fg%2F12hr4f0qx?entry=ttu&g_ep=EgoyMDI1MTAxMi4wIKXMDSoASAFQAw%3D%3D",
R K Puram Delhi,"TOEFL Coaching or Tuition Institutes in R K Puram, Delhi",28.5646089,77.1551961,"https://www.google.com/maps/place/Rama+Krishna+Puram,+New+Delhi,+Delhi/@28.5646089,77.1551961,14z/data=!3m1!4b1!4m6!3m5!1s0x390d1d9947a40351:0xeafd2bd25e7e19ba!8m2!3d28.5660075!4d77.1767435!16s%2Fm%2F0zwq9j7?entry=ttu&g_ep=EgoyMDI1MTAxMi4wIKXMDSoASAFQAw%3D%3D",
Safdarjung Development Area Delhi,"TOEFL Coaching or Tuition Institutes in Safdarjung Development Area, Delhi",28.548315,77.1937679,"https://www.google.com/maps/place/Safdarjung+Development+Area,+Hauz+Khas,+New+Delhi,+Delhi+110016/@28.548315,77.1937679,16z/data=!3m1!4b1!4m6!3m5!1s0x390ce20bb8a83d6f:0x603eb4211fb64761!8m2!3d28.5506847!4d77.2005212!16s%2Fg%2F1ymxdcbx6?entry=ttu&g_ep=EgoyMDI1MTAxMi4wIKXMDSoASAFQAw%3D%3D",
Safdarjung Enclave Delhi,"TOEFL Coaching or Tuition Institutes in Safdarjung Enclave, Delhi",28.5639019,77.1842006,"https://www.google.com/maps/place/Safdarjung+Enclave,+New+Delhi,+Delhi+110029/@28.5639019,77.1842006,15z/data=!3m1!4b1!4m6!3m5!1s0x390ce2780170b3cf:0xe6d803b770f501ba!8m2!3d28.564726!4d77.1949164!16s%2Fm%2F025_rfy?entry=ttu&g_ep=EgoyMDI1MTAxMi4wIKXMDSoASAFQAw%3D%3D",
Sainik Farm Delhi,"TOEFL Coaching or Tuition Institutes in Sainik Farm, Delhi",28.5043715,77.1858728,"https://www.google.com/maps/place/Sainik+Farm,+New+Delhi,+Delhi/@28.5043715,77.1858728,14z/data=!3m1!4b1!4m6!3m5!1s0x390ce1bf39ad6867:0xf4a798f08a9aae4e!8m2!3d28.5044051!4d77.2141252!16zL20vMGN5dDNm?entry=ttu&g_ep=EgoyMDI1MTAxMi4wIKXMDSoASAFQAw%3D%3D",
Saket Delhi,"TOEFL Coaching or Tuition Institutes in Saket, Delhi",28.5235476,77.1986245,"https://www.google.com/maps/place/Saket,+New+Delhi,+Delhi/@28.5235476,77.1986245,15z/data=!3m1!4b1!4m6!3m5!1s0x390ce1f0dd053fdd:0x97d95c1a5860139f!8m2!3d28.5220971!4d77.2101534!16zL20vMDhkbnN6?entry=ttu&g_ep=EgoyMDI1MTAxMi4wIKXMDSoASAFQAw%3D%3D",
Shanti Niketan Delhi,"TOEFL Coaching or Tuition Institutes in Shanti Niketan, Delhi",28.5770405,77.1643226,"https://www.google.com/maps/place/Shanti+Niketan,+New+Delhi,+Delhi+110021/@28.5770405,77.1643226,16z/data=!3m1!4b1!4m6!3m5!1s0x390d1d0b125b6893:0x8dfc47b1d7a78568!8m2!3d28.5779173!4d77.1693661!16s%2Fm%2F09gkghw?entry=ttu&g_ep=EgoyMDI1MTAxMi4wIKXMDSoASAFQAw%3D%3D",
Siri Fort Delhi,"TOEFL Coaching or Tuition Institutes in Siri Fort, Delhi",28.5503791,77.2099747,"https://www.google.com/maps/place/Siri+Fort,+New+Delhi,+Delhi/@28.5503791,77.2099747,15z/data=!3m1!4b1!4m6!3m5!1s0x390ce23e85cc8a27:0x19e259b4e1a366b4!8m2!3d28.5505827!4d77.214799!16s%2Fg%2F1jky717zh?entry=ttu&g_ep=EgoyMDI1MTAxMi4wIKXMDSoASAFQAw%3D%3D",
South Extension Part 1 Delhi,"TOEFL Coaching or Tuition Institutes in South Extension Part 1, Delhi",28.5728764,77.2178071,"https://www.google.com/maps/place/South+Extension+I,+New+Delhi,+Delhi/@28.5728764,77.2178071,16z/data=!3m1!4b1!4m6!3m5!1s0x390ce25c2bda02bd:0x88805483a1dca8bb!8m2!3d28.5732907!4d77.2219418!16s%2Fg%2F1z264mxcr?entry=ttu&g_ep=EgoyMDI1MTAxMi4wIKXMDSoASAFQAw%3D%3D",
South Extension Part 2 Delhi,"TOEFL Coaching or Tuition Institutes in South Extension Part 2, Delhi",28.5638894,77.2148966,"https://www.google.com/maps/place/South+Extension+II,+New+Delhi,+Delhi/@28.5638894,77.2148966,16z/data=!3m1!4b1!4m6!3m5!1s0x390ce242fc34a911:0x4e89e7b171989f21!8m2!3d28.5666032!4d77.2201326!16s%2Fg%2F12hmgnqs_?entry=ttu&g_ep=EgoyMDI1MTAxMi4wIKXMDSoASAFQAw%3D%3D",
Sundar Nagar Delhi,"TOEFL Coaching or Tuition Institutes in Sundar Nagar, Delhi",28.6034516,77.2407422,"https://www.google.com/maps/place/Sundar+Nagar,+New+Delhi,+Delhi/@28.6034516,77.2407422,15z/data=!3m1!4b1!4m6!3m5!1s0x390ce31ff2a79a35:0xb437bcdc0345dd17!8m2!3d28.6016775!4d77.2433795!16s%2Fg%2F120j8hdr?entry=ttu&g_ep=EgoyMDI1MTAxMi4wIKXMDSoASAFQAw%3D%3D",
Uday Park Delhi,"TOEFL Coaching or Tuition Institutes in Uday Park, Delhi",28.5602264,77.218364,"https://www.google.com/maps/place/South+Extension+II,+Uday+Park,+South+Extension+II,+New+Delhi,+Delhi+110049/@28.5602264,77.218364,18z/data=!3m1!4b1!4m6!3m5!1s0x390ce2418898b929:0x4585dbd5abb67a68!8m2!3d28.5601003!4d77.2193187!16s%2Fg%2F120kh7p7?entry=ttu&g_ep=EgoyMDI1MTAxMi4wIKXMDSoASAFQAw%3D%3D",
Vasant Kunj Delhi,"TOEFL Coaching or Tuition Institutes in Vasant Kunj, Delhi",28.5267264,77.1324246,"https://www.google.com/maps/place/Vasant+Kunj,+New+Delhi,+Delhi/@28.5267264,77.1324246,14z/data=!3m1!4b1!4m6!3m5!1s0x390d1e78c793c81d:0x10ce2d602ac62ba3!8m2!3d28.5293121!4d77.1484442!16zL20vMDV2cW1y?entry=ttu&g_ep=EgoyMDI1MTAxMi4wIKXMDSoASAFQAw%3D%3D",
Vasant Vihar Delhi,"TOEFL Coaching or Tuition Institutes in Vasant Vihar, Delhi",28.5614559,77.1394713,"https://www.google.com/maps/place/Vasant+Vihar,+New+Delhi,+Delhi/@28.5614559,77.1394713,14z/data=!3m1!4b1!4m6!3m5!1s0x390d1daf885ea341:0x7d8bdb6b1922f23a!8m2!3d28.5602839!4d77.1617881!16zL20vMDVtaDNt?entry=ttu&g_ep=EgoyMDI1MTAxMi4wIKXMDSoASAFQAw%3D%3D",
Altamount Road Mumbai,"TOEFL Coaching or Tuition Institutes in Altamount Road, Mumbai",18.9673556,72.8070735,"https://www.google.com/maps/place/Altamount+Rd,+Tardeo,+Mumbai,+Maharashtra+400026/@18.9673556,72.8070735,17z/data=!3m1!4b1!4m6!3m5!1s0x3be7ce74d0af86f7:0xc9f082fd70689186!8m2!3d18.9673556!4d72.8096484!16s%2Fm%2F02rclpp?entry=ttu&g_ep=EgoyMDI1MTAxMi4wIKXMDSoASAFQAw%3D%3D",
Bandra Kurla Complex Mumbai,"TOEFL Coaching or Tuition Institutes in Bandra Kurla Complex, Mumbai",19.0633913,72.8503111,"https://www.google.com/maps/place/Bandra+Kurla+Complex,+Bandra+East,+Mumbai,+Maharashtra/@19.0633913,72.8503111,15z/data=!3m1!4b1!4m6!3m5!1s0x3be7c8df0b86ea1b:0xce7eea4b1bbdf296!8m2!3d19.0687893!4d72.8702647!16zL20vMDc4MTNn?entry=ttu&g_ep=EgoyMDI1MTAxMi4wIKXMDSoASAFQAw%3D%3D",
Bandra West Mumbai,"TOEFL Coaching or Tuition Institutes in Bandra West, Mumbai",19.0544779,72.8090546,"https://www.google.com/maps/place/Bandra+West,+Mumbai,+Maharashtra/@19.0544779,72.8090546,14z/data=!3m1!4b1!4m6!3m5!1s0x3be7c8e123f8d27b:0x437996b49a236a78!8m2!3d19.0595596!4d72.8295287!16zL20vMDI4bGdt?entry=ttu&g_ep=EgoyMDI1MTAxMi4wIKXMDSoASAFQAw%3D%3D",
Breach Candy Mumbai,"TOEFL Coaching or Tuition Institutes in Breach Candy, Mumbai",18.9716327,72.7960662,"https://www.google.com/maps/place/Breach+Candy,+Cumballa+Hill,+Mumbai,+Maharashtra+400026/@18.9716327,72.7960662,15z/data=!3m1!4b1!4m6!3m5!1s0x3be7cdd8a947002d:0x177117d80ecc7ea2!8m2!3d18.9746317!4d72.8065023!16s%2Fm%2F02wvkhq?entry=ttu&g_ep=EgoyMDI1MTAxMi4wIKXMDSoASAFQAw%3D%3D",
Carter Road Mumbai,"TOEFL Coaching or Tuition Institutes in Carter Road, Mumbai",19.0633552,72.8171753,"https://www.google.com/maps/search/Carter+Road+Mumbai/@19.0633552,72.8171753,16z/data=!3m1!4b1?entry=ttu&g_ep=EgoyMDI1MTAxMi4wIKXMDSoASAFQAw%3D%3D",
Church Gate Mumbai,"TOEFL Coaching or Tuition Institutes in Church Gate, Mumbai",18.9355162,72.8158442,"https://www.google.com/maps/place/Churchgate,+Mumbai,+Maharashtra/@18.9355162,72.8158442,15z/data=!3m1!4b1!4m6!3m5!1s0x3be7d1e71360b0c5:0x710e8dfe75aca32b!8m2!3d18.9322453!4d72.8264378!16zL20vMDJ5NDhx?entry=ttu&g_ep=EgoyMDI1MTAxMi4wIKXMDSoASAFQAw%3D%3D",
Colaba Mumbai,"TOEFL Coaching or Tuition Institutes in Colaba, Mumbai",18.9095242,72.798591,"https://www.google.com/maps/place/Colaba,+Mumbai,+Maharashtra/@18.9095242,72.798591,14z/data=!3m1!4b1!4m6!3m5!1s0x3be7d19aa30ec295:0x1bb7dd5bce3d0bcf!8m2!3d18.9067031!4d72.8147123!16zL20vMDJ5NDRk?entry=ttu&g_ep=EgoyMDI1MTAxMi4wIKXMDSoASAFQAw%3D%3D",
Cuffe Parade Mumbai,"TOEFL Coaching or Tuition Institutes in Cuffe Parade, Mumbai",18.9151667,72.8148526,"https://www.google.com/maps/place/Cuffe+Parade,+Mumbai,+Maharashtra/@18.9151667,72.8148526,16z/data=!3m1!4b1!4m6!3m5!1s0x3be7d1937575402b:0xdf594e0c37d14624!8m2!3d18.9126831!4d72.8212934!16s%2Fm%2F02rckd1?entry=ttu&g_ep=EgoyMDI1MTAxMi4wIKXMDSoASAFQAw%3D%3D",
Cumballa Hill Mumbai,"TOEFL Coaching or Tuition Institutes in Cumballa Hill, Mumbai",18.9694798,72.7952343,"https://www.google.com/maps/place/Cumballa+Hill,+Mumbai,+Maharashtra+400026/@18.9694798,72.7952343,15z/data=!3m1!4b1!4m6!3m5!1s0x3be7ce7668bee863:0xd0dac4daaa0e5ab1!8m2!3d18.9719468!4d72.804954!16s%2Fm%2F02rclly?entry=ttu&g_ep=EgoyMDI1MTAxMi4wIKXMDSoASAFQAw%3D%3D",
Fort Mumbai,"TOEFL Coaching or Tuition Institutes in Fort, Mumbai",18.9346513,72.8157318,"https://www.google.com/maps/place/Fort,+Mumbai,+Maharashtra/@18.9346513,72.8157318,14z/data=!3m1!4b1!4m6!3m5!1s0x3be7d1c4f08b1c4d:0xf21e551177b3a95e!8m2!3d18.9345189!4d72.8371021!16zL20vMDdsXzN4?entry=ttu&g_ep=EgoyMDI1MTAxMi4wIKXMDSoASAFQAw%3D%3D",
Gulmohar Road Mumbai,"TOEFL Coaching or Tuition Institutes in Gulmohar Road, Mumbai",19.1089563,72.8343542,"https://www.google.com/maps/place/Gulmohar+Rd,+Mumbai,+Maharashtra/@19.1089563,72.8343542,17z/data=!3m1!4b1!4m6!3m5!1s0x3be7c9dd2705fccd:0x2e422393d627c70a!8m2!3d19.1089563!4d72.8369291!16s%2Fg%2F11b6gdvmz8?entry=ttu&g_ep=EgoyMDI1MTAxMi4wIKXMDSoASAFQAw%3D%3D",
Haji Ali Mumbai,"TOEFL Coaching or Tuition Institutes in Haji Ali, Mumbai",18.9783765,72.8068417,"https://www.google.com/maps/place/Haji+Ali,+Mumbai,+Maharashtra/@18.9783765,72.8068417,16z/data=!3m1!4b1!4m6!3m5!1s0x3be7ce7bd2ef18f3:0xe87c9c4a19d0cf55!8m2!3d18.9778192!4d72.8104819!16s%2Fg%2F11gzlcznm?entry=ttu&g_ep=EgoyMDI1MTAxMi4wIKXMDSoASAFQAw%3D%3D",
Juhu Mumbai,"TOEFL Coaching or Tuition Institutes in Juhu, Mumbai",19.1012633,72.8089442,"https://www.google.com/maps/place/Juhu,+Mumbai,+Maharashtra/@19.1012633,72.8089442,14z/data=!3m1!4b1!4m6!3m5!1s0x3be7c9bf95d4ba07:0x35047c9c36b6cea1!8m2!3d19.1048146!4d72.8267098!16zL20vMDJ4cF9k?entry=ttu&g_ep=EgoyMDI1MTAxMi4wIKXMDSoASAFQAw%3D%3D",
Juhu Tara Road Mumbai,"TOEFL Coaching or Tuition Institutes in Juhu Tara Road, Mumbai",19.0942433,72.8257126,"https://www.google.com/maps/place/Juhu+Tara+Rd/@19.0942433,72.8257126,17z/data=!3m1!4b1!4m6!3m5!1s0x3be7c99625b328ab:0xea6592e52fe2c201!8m2!3d19.0942433!4d72.8282875!16s%2Fg%2F1hhl911jc?entry=ttu&g_ep=EgoyMDI1MTAxMi4wIKXMDSoASAFQAw%3D%3D",
Kemps Corner Mumbai,"TOEFL Coaching or Tuition Institutes in Kemps Corner, Mumbai",18.9634106,72.8033799,"https://www.google.com/maps/place/Kemps+Corner,+Malabar+Hill,+Mumbai,+Maharashtra/@18.9634106,72.8033799,17z/data=!3m1!4b1!4m6!3m5!1s0x3be7ce75322e4037:0xea52ddeff0bf20f0!8m2!3d18.9629177!4d72.8053877!16s%2Fm%2F02rcj_p?entry=ttu&g_ep=EgoyMDI1MTAxMi4wIKXMDSoASAFQAw%3D%3D",
Khar West Mumbai,"TOEFL Coaching or Tuition Institutes in Khar West, Mumbai",19.0687793,72.8214698,"https://www.google.com/maps/place/Khar,+Khar+West,+Mumbai,+Maharashtra/@19.0687793,72.8214698,15z/data=!3m1!4b1!4m6!3m5!1s0x3be7c904d1f59003:0x3fed21d7128f1fd4!8m2!3d19.0699819!4d72.8338084!16s%2Fg%2F12qgnwm6m?entry=ttu&g_ep=EgoyMDI1MTAxMi4wIKXMDSoASAFQAw%3D%3D",
Lower Parel Mumbai,"TOEFL Coaching or Tuition Institutes in Lower Parel, Mumbai",18.9983381,72.8080168,"https://www.google.com/maps/place/Lower+Parel,+Mumbai,+Maharashtra/@18.9983381,72.8080168,14z/data=!3m1!4b1!4m6!3m5!1s0x3be7ce8d6c485c87:0xffced4821d2d1ec0!8m2!3d18.9982461!4d72.8269646!16s%2Fg%2F1yy3vm7jc?entry=ttu&g_ep=EgoyMDI1MTAxMi4wIKXMDSoASAFQAw%3D%3D",
Mahalaxmi Mumbai,"TOEFL Coaching or Tuition Institutes in Mahalaxmi, Mumbai",18.9846945,72.8079672,"https://www.google.com/maps/place/Mahalakshmi,+Mumbai,+Maharashtra/@18.9846945,72.8079672,15z/data=!3m1!4b1!4m6!3m5!1s0x3be7ce8824c92a55:0x220db58a4ccf42e8!8m2!3d18.9865217!4d72.8182877!16zL20vMDJ5NDNi?entry=ttu&g_ep=EgoyMDI1MTAxMi4wIKXMDSoASAFQAw%3D%3D",
Malabar Hill Mumbai,"TOEFL Coaching or Tuition Institutes in Malabar Hill, Mumbai",18.9518763,72.7807191,"https://www.google.com/maps/place/Malabar+Hill,+Mumbai,+Maharashtra/@18.9518763,72.7807191,14z/data=!3m1!4b1!4m6!3m5!1s0x3be7cde347fe682d:0x480b7a8c41fda28a!8m2!3d18.9547975!4d72.7984522!16zL20vMDIwcDd0?entry=ttu&g_ep=EgoyMDI1MTAxMi4wIKXMDSoASAFQAw%3D%3D",
Marine Lines Mumbai,"TOEFL Coaching or Tuition Institutes in Marine Lines, Mumbai",18.9423427,72.8148847,"https://www.google.com/maps/place/Marine+Lines,+Mumbai,+Maharashtra/@18.9423427,72.8148847,15z/data=!3m1!4b1!4m6!3m5!1s0x3be7d1de283029ed:0x5da3ab75b442c9b!8m2!3d18.9430864!4d72.8271764!16zL20vMDJ5NDdu?entry=ttu&g_ep=EgoyMDI1MTAxMi4wIKXMDSoASAFQAw%3D%3D",
Nariman Point Mumbai,"TOEFL Coaching or Tuition Institutes in Nariman Point, Mumbai",18.9247894,72.818127,"https://www.google.com/maps/place/Nariman+Point,+Mumbai,+Maharashtra/@18.9247894,72.818127,16z/data=!3m1!4b1!4m6!3m5!1s0x3be7d1e95bee9cff:0x347c4d95cbed4988!8m2!3d18.9255728!4d72.8242221!16zL20vMDJ2cHY2?entry=ttu&g_ep=EgoyMDI1MTAxMi4wIKXMDSoASAFQAw%3D%3D",
Opera House Mumbai,"TOEFL Coaching or Tuition Institutes in Opera House, Mumbai",18.9554884,72.8123786,"https://www.google.com/maps/place/Charni+Road+East,+Opera+House,+Girgaon,+Mumbai,+Maharashtra/@18.9554884,72.8123786,16z/data=!3m1!4b1!4m6!3m5!1s0x3be7ce0e329a26b9:0xa08d061e0e5d9f19!8m2!3d18.9537342!4d72.8183134!16s%2Fg%2F1q5cccmvq?entry=ttu&g_ep=EgoyMDI1MTAxMi4wIKXMDSoASAFQAw%3D%3D",
Pali Hill Mumbai,"TOEFL Coaching or Tuition Institutes in Pali Hill, Mumbai",19.0682845,72.8154183,"https://www.google.com/maps/place/Pali+Hill,+Mumbai,+Maharashtra/@19.0682845,72.8154183,15z/data=!3m1!4b1!4m6!3m5!1s0x3be7c96cec6b8b4d:0xf2ef1411250a699b!8m2!3d19.0673678!4d72.8262411!16zL20vMDJ6NDV2?entry=ttu&g_ep=EgoyMDI1MTAxMi4wIKXMDSoASAFQAw%3D%3D",
Peddar Road Mumbai,"TOEFL Coaching or Tuition Institutes in Peddar Road, Mumbai",18.9714097,72.8068664,"https://www.google.com/maps/place/Pedder+Rd,+Mumbai,+Maharashtra+400026/@18.9714097,72.8068664,17z/data=!3m1!4b1!4m6!3m5!1s0x3be7ce7694d33ccf:0x244e8c32748adfe0!8m2!3d18.9714097!4d72.8094413!16zL20vMGdwazhx?entry=ttu&g_ep=EgoyMDI1MTAxMi4wIKXMDSoASAFQAw%3D%3D",
Powai Mumbai,"TOEFL Coaching or Tuition Institutes in Powai, Mumbai",19.1250436,72.8638489,"https://www.google.com/maps/place/Powai,+Mumbai,+Maharashtra/@19.1250436,72.8638489,13z/data=!3m1!4b1!4m6!3m5!1s0x3be7c8081c1d7b43:0xbaf100c54b8be366!8m2!3d19.1175993!4d72.9059747!16zL20vMDJzaHo0?entry=ttu&g_ep=EgoyMDI1MTAxMi4wIKXMDSoASAFQAw%3D%3D",
Prabhadevi Mumbai,"TOEFL Coaching or Tuition Institutes in Prabhadevi, Mumbai",19.015249,72.8181429,"https://www.google.com/maps/place/Prabhadevi,+Mumbai,+Maharashtra/@19.015249,72.8181429,15z/data=!3m1!4b1!4m6!3m5!1s0x3be7ceba2edaae71:0x94033f02db425cf!8m2!3d19.0163283!4d72.8291129!16zL20vMDVyOWdx?entry=ttu&g_ep=EgoyMDI1MTAxMi4wIKXMDSoASAFQAw%3D%3D",
Tardeo Mumbai,"TOEFL Coaching or Tuition Institutes in Tardeo, Mumbai",18.9698407,72.8032996,"https://www.google.com/maps/place/Tardeo,+Mumbai,+Maharashtra/@18.9698407,72.8032996,15z/data=!3m1!4b1!4m6!3m5!1s0x3be7ce7393614147:0x98c343b8067470c9!8m2!3d18.9675954!4d72.8141444!16zL20vMDY0eTNy?entry=ttu&g_ep=EgoyMDI1MTAxMi4wIKXMDSoASAFQAw%3D%3D",
Upper Parel Mumbai,"TOEFL Coaching or Tuition Institutes in Upper Parel, Mumbai",18.9982453,72.8209811,"https://www.google.com/maps/place/Parel,+Mumbai,+Maharashtra/@18.9982453,72.8209811,14z/data=!3m1!4b1!4m6!3m5!1s0x3be7cefaff143987:0x11a57272db3e78d0!8m2!3d19.0035047!4d72.8418388!16zL20vMDJ5NDBw?entry=ttu&g_ep=EgoyMDI1MTAxMi4wIKXMDSoASAFQAw%3D%3D",
Upper Worli Mumbai,"TOEFL Coaching or Tuition Institutes in Upper Worli, Mumbai",18.9936229,72.8159161,"https://www.google.com/maps/place/Upper+Worli,+Worli,+Mumbai,+Maharashtra/@18.9936229,72.8159161,16z/data=!3m1!4b1!4m6!3m5!1s0x3be7ce8eb31cc753:0x1be48eb10d5727!8m2!3d18.9942651!4d72.8212794!16s%2Fg%2F12jm08439?entry=ttu&g_ep=EgoyMDI1MTAxMi4wIKXMDSoASAFQAw%3D%3D",
Walkeshwar Mumbai,"TOEFL Coaching or Tuition Institutes in Walkeshwar, Mumbai",18.9512719,72.7976441,"https://www.google.com/maps/place/Walkeshwar,+Malabar+Hill,+Mumbai,+Maharashtra/@18.9512719,72.7976441,16z/data=!3m1!4b1!4m6!3m5!1s0x3be7cdfd358758a9:0x44c0bdedb8e06de6!8m2!3d18.950754!4d72.8020638!16zL20vMDkzZmoz?entry=ttu&g_ep=EgoyMDI1MTAxMi4wIKXMDSoASAFQAw%3D%3D",
Warden Road Mumbai,"TOEFL Coaching or Tuition Institutes in Warden Road, Mumbai",18.9716327,72.7960662,"https://www.google.com/maps/place/Breach+Candy,+Cumballa+Hill,+Mumbai,+Maharashtra+400026/@18.9716327,72.7960662,15z/data=!3m1!4b1!4m6!3m5!1s0x3be7cdd8a947002d:0x177117d80ecc7ea2!8m2!3d18.9746317!4d72.8065023!16s%2Fm%2F02wvkhq?entry=ttu&g_ep=EgoyMDI1MTAxMi4wIKXMDSoASAFQAw%3D%3D",
Worli Mumbai,"TOEFL Coaching or Tuition Institutes in Worli, Mumbai",19.0039289,72.8007003,"https://www.google.com/maps/place/Worli,+Mumbai,+Maharashtra/@19.0039289,72.8007003,14z/data=!3m1!4b1!4m6!3m5!1s0x3be7ce9734348cc5:0x1f77abaae06400ec!8m2!3d18.9986406!4d72.8173599!16zL20vMDJ5NDJf?entry=ttu&g_ep=EgoyMDI1MTAxMi4wIKXMDSoASAFQAw%3D%3D",
Basavanagudi Bengaluru,"TOEFL Coaching or Tuition Institutes in Basavanagudi, Bengaluru",12.9429319,77.550159,"https://www.google.com/maps/place/Basavanagudi,+Bengaluru,+Karnataka/@12.9429319,77.550159,14z/data=!3m1!4b1!4m6!3m5!1s0x3bae1592a738fba9:0xb9024ae0b4e162c7!8m2!3d12.9405997!4d77.5737633!16zL20vMGJmM3Rm?entry=ttu&g_ep=EgoyMDI1MTAxMi4wIKXMDSoASAFQAw%3D%3D",
Benson Town Bengaluru,"TOEFL Coaching or Tuition Institutes in Benson Town, Bengaluru",13.0020707,77.593811,"https://www.google.com/maps/place/Benson+Town,+Bengaluru,+Karnataka/@13.0020707,77.593811,15z/data=!3m1!4b1!4m6!3m5!1s0x3bae16591b1828ef:0xb881670fd503b273!8m2!3d13.004681!4d77.5999443!16s%2Fg%2F1tffxyns?entry=ttu&g_ep=EgoyMDI1MTAxMi4wIKXMDSoASAFQAw%3D%3D",
Brigade Road Bengaluru,"TOEFL Coaching or Tuition Institutes in Brigade Road, Bengaluru",12.9710429,77.6043283,"https://www.google.com/maps/place/Brigade+Rd,+Ashok+Nagar,+Bengaluru,+Karnataka/@12.9710429,77.6043283,17z/data=!3m1!4b1!4m6!3m5!1s0x3bae15d55cf36715:0x67c9c68d327b80dd!8m2!3d12.9710429!4d77.6069032!16s%2Fm%2F03nsqmb?entry=ttu&g_ep=EgoyMDI1MTAxMi4wIKXMDSoASAFQAw%3D%3D",
Commercial Street Bengaluru,"TOEFL Coaching or Tuition Institutes in Commercial Street, Bengaluru",12.982236,77.6057981,"https://www.google.com/maps/place/Commercial+Street,+Tasker+Town,+Shivaji+Nagar,+Bengaluru,+Karnataka/@12.982236,77.6057981,17z/data=!3m1!4b1!4m6!3m5!1s0x3bae1689d24ec16d:0xb95d15d2169a107d!8m2!3d12.982236!4d77.608373!16s%2Fg%2F11bxfz11gp?entry=ttu&g_ep=EgoyMDI1MTAxMi4wIKXMDSoASAFQAw%3D%3D",
Cooke Town Bengaluru,"TOEFL Coaching or Tuition Institutes in Cooke Town, Bengaluru",13.0029174,77.6178376,"https://www.google.com/maps/place/Cooke+Town,+Bengaluru,+Karnataka/@13.0029174,77.6178376,16z/data=!3m1!4b1!4m6!3m5!1s0x3bae16e58a1fa19d:0x156309b4fe8a693b!8m2!3d13.0031678!4d77.6228252!16s%2Fg%2F11bwnd0lwq?entry=ttu&g_ep=EgoyMDI1MTAxMi4wIKXMDSoASAFQAw%3D%3D",
Cunningham Road Bengaluru,"TOEFL Coaching or Tuition Institutes in Cunningham Road, Bengaluru",12.9875116,77.5920163,"https://www.google.com/maps/place/Cunningham+Rd,+Bengaluru,+Karnataka/@12.9875116,77.5920163,17z/data=!3m1!4b1!4m6!3m5!1s0x3bae166860320efd:0x403c06aad95dd60c!8m2!3d12.9875116!4d77.5945912!16s%2Fm%2F012zct03?entry=ttu&g_ep=EgoyMDI1MTAxMi4wIKXMDSoASAFQAw%3D%3D",
Dollars Colony Bengaluru,"TOEFL Coaching or Tuition Institutes in Dollars Colony, Bengaluru",13.0417944,77.5624635,"https://www.google.com/maps/place/Dollars+Colony,+R.M.V.+2nd+Stage,+Bengaluru,+Karnataka/@13.0417944,77.5624635,16z/data=!3m1!4b1!4m6!3m5!1s0x3bae17e18bc3c469:0xbc0025be09b4dcb!8m2!3d13.041526!4d77.5683899!16s%2Fg%2F11f57gt4ll?entry=ttu&g_ep=EgoyMDI1MTAxMi4wIKXMDSoASAFQAw%3D%3D",
Frazer Town Bengaluru,"TOEFL Coaching or Tuition Institutes in Frazer Town, Bengaluru",12.9956437,77.6035437,"https://www.google.com/maps/place/Frazer+Town,+Bengaluru,+Karnataka/@12.9956437,77.6035437,15z/data=!3m1!4b1!4m6!3m5!1s0x3bae16f6a9f3803d:0x61735447195754f1!8m2!3d12.9970483!4d77.6144076!16s%2Fm%2F012hrkqj?entry=ttu&g_ep=EgoyMDI1MTAxMi4wIKXMDSoASAFQAw%3D%3D",
HSR Layout Bengaluru,"TOEFL Coaching or Tuition Institutes in HSR Layout, Bengaluru",12.9102576,77.625223,"https://www.google.com/maps/place/HSR+Layout,+Bengaluru,+Karnataka/@12.9102576,77.625223,14z/data=!3m1!4b1!4m6!3m5!1s0x3bae1491bfdc6ecd:0xf232718439fbc879!8m2!3d12.9121181!4d77.6445548!16zL20vMDd2ZjQ4?entry=ttu&g_ep=EgoyMDI1MTAxMi4wIKXMDSoASAFQAw%3D%3D",
HSR Layout Sector 1 Bengaluru,"TOEFL Coaching or Tuition Institutes in HSR Layout Sector 1, Bengaluru",12.9114542,77.6314889,"https://www.google.com/maps/place/1st+Sector,+HSR+Layout,+Bengaluru,+Karnataka/@12.9114542,77.6314889,14z/data=!3m1!4b1!4m6!3m5!1s0x3bae14869b924657:0xf0bfa61eac569c39!8m2!3d12.9175337!4d77.6504572!16s%2Fg%2F11r9my2tb?entry=ttu&g_ep=EgoyMDI1MTAxMi4wIKXMDSoASAFQAw%3D%3D",
HSR Layout Sector 2 Bengaluru,"TOEFL Coaching or Tuition Institutes in HSR Layout Sector 2, Bengaluru",12.9251821,77.614084,"https://www.google.com/maps/place/Madiwala+New+Extension,+HSR+layout+Sector+2,+1st+Stage,+BTM+Layout,+Bengaluru,+Karnataka+560068/@12.9251821,77.614084,17z/data=!3m1!4b1!4m6!3m5!1s0x3bae1457ab61f5d5:0x54347b2515fd2c3d!8m2!3d12.925317!4d77.6166666!16s%2Fg%2F11c1pkm1bw?entry=ttu&g_ep=EgoyMDI1MTAxMi4wIKXMDSoASAFQAw%3D%3D",
HSR Layout Sector 3 Bengaluru,"TOEFL Coaching or Tuition Institutes in HSR Layout Sector 3, Bengaluru",12.9084428,77.6360726,"https://www.google.com/maps/place/Sector+3,+HSR+Layout,+Bengaluru,+Karnataka/@12.9084428,77.6360726,16z/data=!3m1!4b1!4m6!3m5!1s0x3bae1490bc51ea37:0x906a83b6e23cf7ad!8m2!3d12.9079567!4d77.640957!16s%2Fg%2F1hjh7z5yy?entry=ttu&g_ep=EgoyMDI1MTAxMi4wIKXMDSoASAFQAw%3D%3D",
HSR Layout Sector 4 Bengaluru,"TOEFL Coaching or Tuition Institutes in HSR Layout Sector 4, Bengaluru",12.9149816,77.63616,"https://www.google.com/maps/place/Sector+4,+HSR+Layout,+Bengaluru,+Karnataka+560102/@12.9149816,77.63616,16z/data=!3m1!4b1!4m6!3m5!1s0x3bae14842c9cc53d:0x94e9a097c42c201f!8m2!3d12.9160035!4d77.6426789!16s%2Fg%2F1hjgxxhmv?entry=ttu&g_ep=EgoyMDI1MTAxMi4wIKXMDSoASAFQAw%3D%3D",
HSR Layout Sector 5 Bengaluru,"TOEFL Coaching or Tuition Institutes in HSR Layout Sector 5, Bengaluru",12.9171764,77.6351877,"https://www.google.com/maps/place/Sector+5,+1st+Block+Koramangala,+HSR+Layout+5th+Sector,+Bengaluru,+Karnataka/@12.9171764,77.6351877,18z/data=!3m1!4b1!4m6!3m5!1s0x3bae148eaf1184f3:0x3d95a1b511f2679c!8m2!3d12.9173071!4d77.6367879!16s%2Fg%2F1pt_1c9vh?entry=ttu&g_ep=EgoyMDI1MTAxMi4wIKXMDSoASAFQAw%3D%3D",
HSR Layout Sector 6 Bengaluru,"TOEFL Coaching or Tuition Institutes in HSR Layout Sector 6, Bengaluru",12.9141095,77.6251546,"https://www.google.com/maps/place/Sector+6,+HSR+Layout,+Bengaluru,+Karnataka/@12.9141095,77.6251546,16z/data=!3m1!4b1!4m6!3m5!1s0x3bae14f2595f3d03:0xe5e8d4041e7b2512!8m2!3d12.9137705!4d77.6292697!16s%2Fg%2F1hjgzmfh_?entry=ttu&g_ep=EgoyMDI1MTAxMi4wIKXMDSoASAFQAw%3D%3D",
HSR Layout Sector 7 Bengaluru,"TOEFL Coaching or Tuition Institutes in HSR Layout Sector 7, Bengaluru",12.9060148,77.6317066,"https://www.google.com/maps/place/7th+Sector,+HSR+Layout,+Bengaluru,+Karnataka/@12.9060148,77.6317066,15z/data=!3m1!4b1!4m6!3m5!1s0x3bae1490a7d103c9:0x58fef13fc78b76e8!8m2!3d12.9081016!4d77.6350959!16s%2Fg%2F1hjhdhm5s?entry=ttu&g_ep=EgoyMDI1MTAxMi4wIKXMDSoASAFQAw%3D%3D",
Indira Nagar Bengaluru,"TOEFL Coaching or Tuition Institutes in Indira Nagar, Bengaluru",12.9729384,77.6176119,"https://www.google.com/maps/place/Indiranagar,+Bengaluru,+Karnataka/@12.9729384,77.6176119,14z/data=!3m1!4b1!4m6!3m5!1s0x3bae16a418770391:0xb50f46b826501036!8m2!3d12.9783692!4d77.6408356!16zL20vMDZ5M3Zj?entry=ttu&g_ep=EgoyMDI1MTAxMi4wIKXMDSoASAFQAw%3D%3D",
Infantry Road Bengaluru,"TOEFL Coaching or Tuition Institutes in Infantry Road, Bengaluru",12.981842,77.5972436,"https://www.google.com/maps/place/Infantry+Rd,+Bengaluru,+Karnataka+560001/@12.981842,77.5972436,17z/data=!3m1!4b1!4m6!3m5!1s0x3bae1663227819f3:0x260f5b47895286!8m2!3d12.981842!4d77.5998185!16s%2Fg%2F11cp71smng?entry=ttu&g_ep=EgoyMDI1MTAxMi4wIKXMDSoASAFQAw%3D%3D",
Jayanagar Bengaluru,"TOEFL Coaching or Tuition Institutes in Jayanagar, Bengaluru",12.9292115,77.5665553,"https://www.google.com/maps/place/Jayanagar,+Bengaluru,+Karnataka/@12.9292115,77.5665553,14z/data=!3m1!4b1!4m6!3m5!1s0x3bae15986765d7d9:0xbba2fea7014e5087!8m2!3d12.9308107!4d77.5838577!16zL20vMDRjMzBx?entry=ttu&g_ep=EgoyMDI1MTAxMi4wIKXMDSoASAFQAw%3D%3D",
Koramangala Bengaluru,"TOEFL Coaching or Tuition Institutes in Koramangala, Bengaluru",12.9354559,77.6115927,"https://www.google.com/maps/place/Koramangala,+Bengaluru,+Karnataka/@12.9354559,77.6115927,14z/data=!3m1!4b1!4m6!3m5!1s0x3bae144ed898fc2d:0x1681f38e8c00ae56!8m2!3d12.9352403!4d77.624532!16zL20vMDZibTR6?entry=ttu&g_ep=EgoyMDI1MTAxMi4wIKXMDSoASAFQAw%3D%3D",
Langford Road Bengaluru,"TOEFL Coaching or Tuition Institutes in Langford Road, Bengaluru",12.9606996,77.598229,"https://www.google.com/maps/place/Langford+Rd,+Bengaluru,+Karnataka/@12.9606996,77.598229,17z/data=!3m1!4b1!4m6!3m5!1s0x3bae15d1151a855f:0xb68eabf3c66dddb9!8m2!3d12.9606996!4d77.6008039!16s%2Fg%2F1hjgz3dk0?entry=ttu&g_ep=EgoyMDI1MTAxMi4wIKXMDSoASAFQAw%3D%3D",
Langford Town Bengaluru,"TOEFL Coaching or Tuition Institutes in Langford Town, Bengaluru",12.9574435,77.5999916,"https://www.google.com/maps/place/Langford+Town,+Shanti+Nagar,+Bengaluru,+Karnataka/@12.9574435,77.5999916,17z/data=!3m1!4b1!4m6!3m5!1s0x3bae15d214636233:0x6e2b96c60339484!8m2!3d12.9569911!4d77.6027732!16s%2Fg%2F1tfqpd09?entry=ttu&g_ep=EgoyMDI1MTAxMi4wIKXMDSoASAFQAw%3D%3D",
Lavelle Road Bengaluru,"TOEFL Coaching or Tuition Institutes in Lavelle Road, Bengaluru",12.9712031,77.5952933,"https://www.google.com/maps/place/Lavelle+Road,+Bengaluru,+Karnataka/@12.9712031,77.5952933,17z/data=!3m1!4b1!4m6!3m5!1s0x3bae1679b09041a5:0x413706ed450cc2e1!8m2!3d12.9712031!4d77.5978682!16s%2Fg%2F1tgmtq74?entry=ttu&g_ep=EgoyMDI1MTAxMi4wIKXMDSoASAFQAw%3D%3D",
Malleshwaram Bengaluru,"TOEFL Coaching or Tuition Institutes in Malleshwaram, Bengaluru",13.0076964,77.5467177,"https://www.google.com/maps/place/Malleshwaram,+Bengaluru,+Karnataka/@13.0076964,77.5467177,14z/data=!3m1!4b1!4m6!3m5!1s0x3bae3d7fff79cfc3:0xdfbaac7a46a4a5be!8m2!3d13.0055113!4d77.5692358!16zL20vMGZxdG10?entry=ttu&g_ep=EgoyMDI1MTAxMi4wIKXMDSoASAFQAw%3D%3D",
MG Road Bengaluru,"TOEFL Coaching or Tuition Institutes in MG Road, Bengaluru",12.9746905,77.6068864,"https://www.google.com/maps/place/Mahatma+Gandhi+Rd,+Bengaluru,+Karnataka/@12.9746905,77.6068864,17z/data=!3m1!4b1!4m6!3m5!1s0x3bae1687393dbc13:0x8b70c8e652b73d9e!8m2!3d12.9746905!4d77.6094613!16zL20vMGIzMDAz?entry=ttu&g_ep=EgoyMDI1MTAxMi4wIKXMDSoASAFQAw%3D%3D",
Palace Road Bengaluru,"TOEFL Coaching or Tuition Institutes in Palace Road, Bengaluru",12.9847384,77.5855468,"https://www.google.com/maps/place/Palace+Rd,+Bengaluru,+Karnataka/@12.9847384,77.5855468,17z/data=!3m1!4b1!4m6!3m5!1s0x3bae160d1b52f495:0x3849d08b1193a39d!8m2!3d12.9847384!4d77.5881217!16s%2Fg%2F1tftz_30?entry=ttu&g_ep=EgoyMDI1MTAxMi4wIKXMDSoASAFQAw%3D%3D",
Race Course Road Bengaluru,"TOEFL Coaching or Tuition Institutes in Race Course Road, Bengaluru",12.983932,77.5791108,"https://www.google.com/maps/place/Race+Course+Rd,+Bengaluru,+Karnataka/@12.983932,77.5791108,17z/data=!3m1!4b1!4m6!3m5!1s0x3bae1613725144d7:0xf3a1c9ec57cabdcb!8m2!3d12.983932!4d77.5816857!16s%2Fg%2F1hc5d4yst?entry=ttu&g_ep=EgoyMDI1MTAxMi4wIKXMDSoASAFQAw%3D%3D",
Residency Road Bengaluru,"TOEFL Coaching or Tuition Institutes in Residency Road, Bengaluru",12.9712739,77.6039221,"https://www.google.com/maps/search/Residency+Road+Bengaluru/@12.9712739,77.6039221,17z/data=!3m1!4b1?entry=ttu&g_ep=EgoyMDI1MTAxMi4wIKXMDSoASAFQAw%3D%3D",
Richmond Road Bengaluru,"TOEFL Coaching or Tuition Institutes in Richmond Road, Bengaluru",12.9665998,77.6058197,"https://www.google.com/maps/place/Richmond+Rd,+Bengaluru,+Karnataka/@12.9665998,77.6058197,17z/data=!3m1!4b1!4m6!3m5!1s0x3bae15d56d8b0c4b:0xaac42281bb7016bc!8m2!3d12.9665998!4d77.6083946!16s%2Fg%2F1tgf1nl4?entry=ttu&g_ep=EgoyMDI1MTAxMi4wIKXMDSoASAFQAw%3D%3D",
Richmond Town Bengaluru,"TOEFL Coaching or Tuition Institutes in Richmond Town, Bengaluru",12.9621204,77.5987091,"https://www.google.com/maps/place/Richmond+Town,+Bengaluru,+Karnataka+560025/@12.9621204,77.5987091,16z/data=!3m1!4b1!4m6!3m5!1s0x3bae15d663beafd3:0x19d0e7140272dd83!8m2!3d12.9633823!4d77.6034894!16s%2Fg%2F11dxdz04vs?entry=ttu&g_ep=EgoyMDI1MTAxMi4wIKXMDSoASAFQAw%3D%3D",
Sadashiva Nagar Bengaluru,"TOEFL Coaching or Tuition Institutes in Sadashiva Nagar, Bengaluru",13.0066153,77.5747791,"https://www.google.com/maps/place/Sadashiva+Nagar,+Armane+Nagar,+Bengaluru,+Karnataka/@13.0066153,77.5747791,16z/data=!3m1!4b1!4m6!3m5!1s0x3bae16337dd99e89:0x6c9a0bda21227398!8m2!3d13.0068182!4d77.5812849!16zL20vMDlrcnZs?entry=ttu&g_ep=EgoyMDI1MTAxMi4wIKXMDSoASAFQAw%3D%3D",
Sankey Road Bengaluru,"TOEFL Coaching or Tuition Institutes in Sankey Road, Bengaluru",12.9997173,77.5815898,"https://www.google.com/maps/place/Sankey+Rd,+Bengaluru,+Karnataka/@12.9997173,77.5815898,17z/data=!3m1!4b1!4m6!3m5!1s0x3bae1641cf99662d:0xa7ec222ef43b477c!8m2!3d12.9997173!4d77.5841647!16s%2Fg%2F1hc0ybb0q?entry=ttu&g_ep=EgoyMDI1MTAxMi4wIKXMDSoASAFQAw%3D%3D",
St. Johns Road Bengaluru,"TOEFL Coaching or Tuition Institutes in St. Johns Road, Bengaluru",12.9845626,77.6118383,"https://www.google.com/maps/place/St+Johns+Rd,+Bengaluru,+Karnataka+560042/@12.9845626,77.6118383,17z/data=!3m1!4b1!4m6!3m5!1s0x3bae168ea5eb8845:0xdc1c2a8c316116b7!8m2!3d12.9845626!4d77.6144132!16s%2Fg%2F1hc15g0k1?entry=ttu&g_ep=EgoyMDI1MTAxMi4wIKXMDSoASAFQAw%3D%3D",
Ulsoor Bengaluru,"TOEFL Coaching or Tuition Institutes in Ulsoor, Bengaluru",12.9788742,77.6137645,"https://www.google.com/maps/place/Halasuru,+Bengaluru,+Karnataka/@12.9788742,77.6137645,15z/data=!3m1!4b1!4m6!3m5!1s0x3bae168fda846509:0xa526e1f68a500b94!8m2!3d12.9817001!4d77.6284152!16zL20vMGJ6bDNn?entry=ttu&g_ep=EgoyMDI1MTAxMi4wIKXMDSoASAFQAw%3D%3D",
Vasanth Nagar Bengaluru,"TOEFL Coaching or Tuition Institutes in Vasanth Nagar, Bengaluru",12.9885362,77.5821782,"https://www.google.com/maps/place/Vasanth+Nagar,+Bengaluru,+Karnataka/@12.9885362,77.5821782,15z/data=!3m1!4b1!4m6!3m5!1s0x3bae16683942109f:0xd72158c1972d22b0!8m2!3d12.9896194!4d77.5927948!16s%2Fg%2F1tf63y2c?entry=ttu&g_ep=EgoyMDI1MTAxMi4wIKXMDSoASAFQAw%3D%3D",
Vittal Mallya Road Bengaluru,"TOEFL Coaching or Tuition Institutes in Vittal Mallya Road, Bengaluru",12.9712135,77.5951183,"https://www.google.com/maps/place/Vittal+Mallya+Rd,+Ashok+Nagar,+Bengaluru,+Karnataka/@12.9712135,77.5951183,17z/data=!3m1!4b1!4m6!3m5!1s0x3bae1679c3e342bd:0x49a8c1bc363c08cb!8m2!3d12.9712135!4d77.5976932!16s%2Fg%2F1hc7rpyf2?entry=ttu&g_ep=EgoyMDI1MTAxMi4wIKXMDSoASAFQAw%3D%3D",
Whitefield Bengaluru,"TOEFL Coaching or Tuition Institutes in Whitefield, Bengaluru",12.9645667,77.715933,"https://www.google.com/maps/place/Whitefield,+Bengaluru,+Karnataka/@12.9645667,77.715933,14z/data=!3m1!4b1!4m6!3m5!1s0x3bae11f35d0dfc83:0x30cfa512d80115f9!8m2!3d12.9698196!4d77.7499721!16zL20vMDJfcmM4?entry=ttu&g_ep=EgoyMDI1MTAxMi4wIKXMDSoASAFQAw%3D%3D",