Name,Website,Phone
Askmeguru Technologies,http://askmeguru.com/,Phone Number Not Found
Techally Labs - IT & Software Development Company,https://techallylabs.com/,9985202223
Iblesoft Pvt Ltd,https://www.iblesoft.com/,4040251848
MBR Informatics Pvt Ltd,https://mbrinformatics.com/,8019255777
EDZE SOFT,http://www.edze.in/,9100017995
Brainovision Solutions India Pvt.Ltd,Not Found,7207775039
,https://nthphase.com/,4035872822
Vijay Software Solutions Private limited,https://vs-solutions.in/,Phone Number Not Found
Enterpi Software Solutions Private Limited,https://www.enterpi.com/,8885251753
Cloudrevolute India Private Limited,Not Found,9100745198
Tvisha Technologies,https://www.tvisha.com/services/mobile-app-development-company-maintenance-support-android-ios.html,8688810000
Appzit Technologies Pvt Ltd,Not Found,Phone Number Not Found
Lucid Technologies,https://www.lucidtechinc.com/,9063064312
"Conquerors Software Technologies | Custom Web & Mobile App Developers | 15+ Years in LMS, Flutter, React Native & AI Agents",https://conquerorstech.net/,7013196804
Innvectra Info Solutions Pvt. Ltd.,https://innvectra.com/,4040248730
Waytowebs - Best Web Design Company in Hyderabad,https://www.waytowebs.com/,9951991336
Aadi Overseas Services,Not Found,Phone Number Not Found
PRove IT Catalysts,https://www.proveitcatalysts.com/,8886661674
Ariscent Software Solutions,http://ariscentsoft.com/,8341262128
Ahex Technologies - Mobile App Development Company in Hyderabad,https://ahex.co/,8885564224
Savantis Solutions India Pvt Ltd,https://www.savantis.com/,9550260066
ZAZZ IT SOLUTIONS PRIVATE LIMITED,http://www.zazz.io/,8555063751
Rational Knowledge Services Private Limited (Operational),https://rationalknowledgeservices.com/,9959195396
MyAccounts Online Softwares Private Limited,Not Found,9030098842
Scuti Tech Labs Pvt Ltd.,Not Found,Phone Number Not Found
Arrixon Tech,http://arrixontech.com/,Phone Number Not Found
Velocious Solutions Pvt. Ltd. | Best Software Company in Hyderabad | Top IT Services Provider,https://velocioussolutions.com/,9849593473
Centillionz IT Solutions Pvt Ltd,Not Found,Phone Number Not Found
Sunseaz Technologies,http://sunseaz.com/,Phone Number Not Found
Codetek Software Solutions Pvt Ltd.,https://codeteksoft.com/,8374899827
Page Solutions Private Limited,http://www.pagesolutions.co.uk/,8143578444
Trilok Software Solutions Pvt Ltd,http://www.triloksoft.com/,Phone Number Not Found
BSIT Software Services Pvt. Ltd.- Leading Software Development Company.,http://www.bsitsoftware.com/,9985222841
GiggleZen Technologies Pvt Ltd,http://www.gigglezen.com/,7842238773
Aaruhi Software Solutions,https://aaruhisolutions.com/,7013710143
Analogue IT Solutions-Best Mobile App Development Company in Hyderabad,https://analogueitsolutions.com/?utm_source=GMB&utm_medium=Organic+posts&utm_campaign=Organic+GMB+Promotions,8919088163
Pinakam IT Solutions,Not Found,8328112909
SunviENG Pvt Ltd,Not Found,Phone Number Not Found
Sparta Cloud Solutions Private Limited,http://spartacloudsolutions.com/,9391833806
SlashMonk Software Solutions Private Limited,https://www.slashmonk.com/,8309702484
2020 Productions,Not Found,Phone Number Not Found
AYD Solutions Pvt.Ltd.,Not Found,7672005234
Anchovies IT Solutions Private Limited,http://anchovies.in/,4048586350
CSS India Center Private Limited (CSSI),https://www.ecssi.com/,Phone Number Not Found
CogniX Software Solutions,https://www.cognixsoft.com/,Phone Number Not Found
VixSpace,Not Found,9100779400
Springlogix Software Private Limited,Not Found,8106628761
iPrism Technologies - Innovative Software and Mobile App Development Company,https://www.iprismtech.com/,9848220099
Saiga Software Solutions Pvt. Ltd.,Not Found,4071327156
AMMSON,http://www.ammson.com/,7799116655
Code Connex Pvt.Ltd - Best Software Company in Hyderabad | Digital Marketing | Web Design & Development | App Development,https://codeconnex.com/,9391082707
Suvidha Software Solutions,https://www.suvidhasoft.com/,4040150065
Genex Technologies Private Limited,http://www.genestera.com/,4040056778
TeamMinds Software Pvt. Ltd,http://www.teamminds.in/,Phone Number Not Found
NxtWave Intensive Training Center: Best Software Training Institute in Hyderabad,https://www.ccbp.in/software-training-center-in-hyderabad?utm_source=seo&utm_medium=gmb_profile&utm_campaign=seo_leadgen_intensive_offline_profile,8008919090
Veesee,http://www.veeseetechnologies.com/,9581070070
Techweblabs - Mobile App Development Company,https://techweblabs.com/,7670837961
"Sparity - Digital Transformation, Software Development, & IT Services - Hire On-Demand Developers - Sparity",https://www.sparity.com/,4064650707
Syoft- Software Development Company,http://www.syoft.com/,9030819534
